Consume Trader // ID=0;Packaged Food;PowderedMilk;*;1000;8;
Consume Trader // ID=0;Packaged Food;BoxCerealCrunchin;*;1000;10;
Consume Trader // ID=0;Packaged Food;Rice;*;1000;8;
Consume Trader // ID=0;Packaged Food;Marmalade;*;1000;20;
Consume Trader // ID=0;Packaged Food;PeachesCan;*;1000;10;
Consume Trader // ID=0;Packaged Food;SardinesCan;*;1000;8;
Consume Trader // ID=0;Packaged Food;TunaCan;*;1000;8;
Consume Trader // ID=0;Packaged Food;SpaghettiCan;*;1000;10;
Consume Trader // ID=0;Packaged Food;BakedBeansCan;*;1000;10;
Consume Trader // ID=0;Packaged Food;TacticalBaconCan;*;1000;20;
Consume Trader // ID=0;Drinks;SodaCan_Cola;*;1000;8;
Consume Trader // ID=0;Drinks;SodaCan_Kvass;*;1000;8;
Consume Trader // ID=0;Drinks;SodaCan_Pipsi;*;1000;8;
Consume Trader // ID=0;Drinks;SodaCan_Spite;*;1000;8;
Consume Trader // ID=0;Drinks;WaterBottle;*;1000;10;
Consume Trader // ID=0;Drinks;Canteen;*;1000;15;
Consume Trader // ID=0;Drinks;Vodka;*;1000;25;
Consume Trader // ID=0;Medical Supplies;BandageDressing;2;80;8;
Consume Trader // ID=0;Medical Supplies;BloodTestKit;*;200;20;
Consume Trader // ID=0;Medical Supplies;InjectionVial;*;200;20;
Consume Trader // ID=0;Medical Supplies;Thermometer;*;300;30;
Consume Trader // ID=0;Medical Supplies;DisinfectantSpray;*;400;40;
Consume Trader // ID=0;Medical Supplies;Syringe;*;100;10;
Consume Trader // ID=0;Medical Supplies;Heatpack;*;50;5;
Consume Trader // ID=0;Medical Supplies;StartKitIV;*;300;30;
Consume Trader // ID=0;Medical Supplies;SalineBag;*;300;30;
Consume Trader // ID=0;Medical Supplies;BloodBagEmpty;*;100;10;
Consume Trader // ID=0;Medical Supplies;FirstAidKit;*;1000;100;
Consume Trader // ID=0;Medical Supplies;Defibrillator;*;1000;100;
Consume Trader // ID=0;Medications;CharcoalTablets;*;500;50;
Consume Trader // ID=0;Medications;DisinfectantAlcohol;*;400;40;
Consume Trader // ID=0;Medications;VitaminBottle;*;500;50;
Consume Trader // ID=0;Medications;TetracyclineAntibiotics;*;500;50;
Consume Trader // ID=0;Medications;PainkillerTablets;*;500;50;
Consume Trader // ID=0;Medications;Epinephrine;*;500;50;
Consume Trader // ID=0;Medications;Morphine;*;500;50;
Consume Trader // ID=0;Medications;IodineTincture;*;1000;100;
Consume Trader // ID=0;Radioativos;NBCGlovesGray;*;3000;300;
Consume Trader // ID=0;Radioativos;NBCBootsGray;*;3000;300;
Consume Trader // ID=0;Radioativos;NBCPantsGray;*;3000;300;
Consume Trader // ID=0;Radioativos;NBCJacketGray;*;3000;300;
Consume Trader // ID=0;Radioativos;NBCHoodGray;*;3000;300;
Consume Trader // ID=0;Radioativos;NBCGlovesYellow;*;3000;300;
Consume Trader // ID=0;Radioativos;NBCBootsYellow;*;3000;300;
Consume Trader // ID=0;Radioativos;NBCPantsYellow;*;3000;300;
Consume Trader // ID=0;Radioativos;NBCJacketYellow;*;3000;300;
Consume Trader // ID=0;Radioativos;NBCHoodYellow;*;3000;300;
Consume Trader // ID=0;Radioativos;GP5GasMask;*;3000;300;
Consume Trader // ID=0;Radioativos;GasMask_Filter;*;3000;300;
Misc Trader // ID=1;Tools (small);Screwdriver;*;800;80;
Misc Trader // ID=1;Tools (small);Wrench;*;500;50;
Misc Trader // ID=1;Tools (small);SewingKit;*;500;50;
Misc Trader // ID=1;Tools (small);Pliers;*;800;80;
Misc Trader // ID=1;Tools (small);LeatherSewingKit;*;500;50;
Misc Trader // ID=1;Tools (small);Whetstone;*;100;10;
Misc Trader // ID=1;Tools (small);Hammer;*;1000;100;
Misc Trader // ID=1;Tools (small);Hacksaw;*;1500;150;
Misc Trader // ID=1;Tools (small);HandSaw;*;1500;150;
Misc Trader // ID=1;Tools (small);WeaponCleaningKit;*;500;50;
Misc Trader // ID=1;Tools (small);KitchenKnife;*;200;20;
Misc Trader // ID=1;Tools (small);SteakKnife;*;150;15;
Misc Trader // ID=1;Tools (small);HuntingKnife;*;300;30;
Misc Trader // ID=1;Tools (small);CanOpener;*;100;10;
Misc Trader // ID=1;Tools (small);Compass;*;100;10;
Misc Trader // ID=1;Tools (small);OrienteeringCompass;*;100;10;
Misc Trader // ID=1;Tools (small);Hatchet;*;2000;200;
Misc Trader // ID=1;Tools (small);CombatKnife;*;300;50;
Misc Trader // ID=1;Tools (small);Machete;*;500;50;
Misc Trader // ID=1;Tools (small);Lockpick;*;500;50;
Misc Trader // ID=1;Tools (small);Binoculars;*;500;50;
Misc Trader // ID=1;Tools (small);FishingRod;*;1000;100;
Misc Trader // ID=1;Tools (big);LugWrench;*;500;-1;
Misc Trader // ID=1;Tools (big);Crowbar;*;800;-1;
Misc Trader // ID=1;Tools (big);Shovel;*;1500;-1;
Misc Trader // ID=1;Tools (big);Pickaxe;*;1500;-1;
Misc Trader // ID=1;Tools (big);SledgeHammer;*;-1;-1;
Misc Trader // ID=1;Tools (big);PipeWrench;W;300;-1;
Misc Trader // ID=1;Tools (big);WoodAxe;*;1500;-1;
Misc Trader // ID=1;Tools (big);FirefighterAxe;*;1500;-1;
Misc Trader // ID=1;Electronics;Battery9V;*;100;10;
Misc Trader // ID=1;Electronics;PersonalRadio;*;1000;-1;
Misc Trader // ID=1;Electronics;Megaphone;*;100000;500;
Misc Trader // ID=1;Electronics;ElectronicRepairKit;*;500;-1;
Misc Trader // ID=1;Electronics;CableReel;*;500;-1;
Misc Trader // ID=1;Electronics;BatteryCharger;*;500;-1;
Misc Trader // ID=1;Electronics;BaseRadio;*;1000;-1;
Misc Trader // ID=1;Electronics;Rangefinder;*;500;-1;
Misc Trader // ID=1;Electronics;NVGoggles;*;1500;-1;
Misc Trader // ID=1;Electronics;RFSolarPanelKit;*;7500;-1;
Misc Trader // ID=1;Electronics;Powerstrip;*;7500;-1;
Misc Trader // ID=1;Fire & Lights;Chemlight_Blue;*;200;-1;
Misc Trader // ID=1;Fire & Lights;Chemlight_Green;*;200;-1;
Misc Trader // ID=1;Fire & Lights;Chemlight_Red;*;200;-1;
Misc Trader // ID=1;Fire & Lights;Chemlight_White;*;200;-1;
Misc Trader // ID=1;Fire & Lights;Chemlight_Yellow;*;200;-1;
Misc Trader // ID=1;Fire & Lights;Roadflare;*;500;-1;
Misc Trader // ID=1;Fire & Lights;Matchbox;*;250;-1;
Misc Trader // ID=1;Fire & Lights;Flashlight;*;300;-1;
Misc Trader // ID=1;Fire & Lights;PortableGasLamp;*;250;-1;
Misc Trader // ID=1;Fire & Lights;PortableGasStove;*;300;-1;
Misc Trader // ID=1;Fire & Lights;Headtorch_Black;*;300;-1;
Misc Trader // ID=1;Fire & Lights;Headtorch_Grey;*;300;-1;
Misc Trader // ID=1;Fire & Lights;Spotlight;*;1000;-1;
Misc Trader // ID=1;Cooking & Hunting Supplies;PurificationTablets;*;500;-1;
Misc Trader // ID=1;Cooking & Hunting Supplies;Pot;*;1000;-1;
Misc Trader // ID=1;Cooking & Hunting Supplies;Tripod;*;500;-1;
Misc Trader // ID=1;Hardware Supplies;Paper;*;-1;10;
Misc Trader // ID=1;Hardware Supplies;Pen_Blue;*;50;-1;
Misc Trader // ID=1;Hardware Supplies;Rope;*;1000;80;
Misc Trader // ID=1;Hardware Supplies;TannedLeather;*;200;-1;
Misc Trader // ID=1;Hardware Supplies;AntiPestsSpray;*;500;-1;
Misc Trader // ID=1;Hardware Supplies;MetalWire;*;4600;-1;
Misc Trader // ID=1;Hardware Supplies;EpoxyPutty;*;500;-1;
Misc Trader // ID=1;Hardware Supplies;DuctTape;*;800;-1;
Misc Trader // ID=1;Hardware Supplies;XmasLights;*;300;-1;
Misc Trader // ID=1;Hardware Supplies;HandcuffKeys;*;100;-1;
Misc Trader // ID=1;Hardware Supplies;Handcuffs;*;100;-1;
Misc Trader // ID=1;Hardware Supplies;Netting;1;10;-1;
Misc Trader // ID=1;Hardware Supplies;BurlapSack;*;100;-1;
Misc Trader // ID=1;Hardware Supplies;SmallProtectorCase;*;70;-1;
Misc Trader // ID=1;Hardware Supplies;AmmoBox;*;300;-1;
Misc Trader // ID=1;Hardware Supplies;SmallGasCanister;*;25;-1;
Misc Trader // ID=1;Hardware Supplies;MediumGasCanister;*;50;-1;
Misc Trader // ID=1;Hardware Supplies;LargeGasCanister;*;100;-1;
Misc Trader // ID=1;Hardware Supplies;CanisterGasoline;*;1000;-1;
Misc Trader // ID=1;Hardware Supplies;NailBox;*;4500;-1;
Misc Trader // ID=1;Hardware Supplies;BarbedWire;*;4600;-1;
Misc Trader // ID=1;Hardware Supplies;Camonet;*;60;6;
Misc Trader // ID=1;Hardware Supplies;BarrelHoles_Blue;*;500;-1;
Misc Trader // ID=1;Hardware Supplies;BarrelHoles_Green;*;500;-1;
Misc Trader // ID=1;Hardware Supplies;BarrelHoles_Red;*;500;-1;
Misc Trader // ID=1;Hardware Supplies;BarrelHoles_Yellow;*;500;-1;
Misc Trader // ID=1;Hardware Supplies;Barrel_Blue;*;500;250;
Misc Trader // ID=1;Hardware Supplies;Barrel_Green;*;500;250;
Misc Trader // ID=1;Hardware Supplies;Barrel_Red;*;500;250;
Misc Trader // ID=1;Hardware Supplies;Barrel_Yellow;*;500;250;
Misc Trader // ID=1;Hardware Supplies;SeaChest;*;500;-1;
Misc Trader // ID=1;Hardware Supplies;PowerGenerator;*;1500;-1;
Misc Trader // ID=1;Seeds & Lime;TomatoSeedsPack;*;50;-1;
Misc Trader // ID=1;Seeds & Lime;PepperSeedsPack;*;50;-1;
Misc Trader // ID=1;Seeds & Lime;ZucchiniSeedsPack;*;50;-1;
Misc Trader // ID=1;Seeds & Lime;PumpkinSeedsPack;*;50;-1;
Misc Trader // ID=1;Seeds & Lime;GardenLime;*;800;10;
Misc Trader // ID=1;Fluffy Pets <3;Bear_Beige;*;-1;10000;
Misc Trader // ID=1;Fluffy Pets <3;Bear_Dark;*;-1;10000;
Misc Trader // ID=1;Fluffy Pets <3;Bear_Pink;*;-1;10000;
Misc Trader // ID=1;Fluffy Pets <3;Bear_White;*;-1;10000;
Misc Trader // ID=1; Tendas;CarTent;*;-1;800;
Misc Trader // ID=1; Tendas;LargeTent;*;-1;800;
Misc Trader // ID=1; Tendas;MediumTent;*;-1;800;
Misc Trader // ID=1; Tendas;MediumTent_Green;*;-1;800;
Misc Trader // ID=1; Tendas;MediumTent_Orange;*;-1;800;
Misc Trader // ID=1; Tendas;PartyTent;*;-1;800;
Misc Trader // ID=1; Tendas;PartyTent_Blue;*;-1;800;
Misc Trader // ID=1; Tendas;PartyTent_Brown;*;-1;800;
Misc Trader // ID=1; Tendas;PartyTent_Lunapark;*;-1;800;
Weapon Trader // ID=2;Melee;BrassKnuckles_Shiny;W;-1;50;
Weapon Trader // ID=2;Melee;StunBaton;W;-1;50;
Weapon Trader // ID=2;Melee;Pipe;W;-1;50;
Weapon Trader // ID=2;Melee;CattleProd;W;-1;50;
Weapon Trader // ID=2;Melee;BaseballBat;W;-1;50;
Weapon Trader // ID=2;Melee;NailedBaseballBat;W;-1;50;
Weapon Trader // ID=2;Pistolas;Flaregun;W;-1;100;
Weapon Trader // ID=2;Pistolas;MakarovIJ70;W;-1;100;
Weapon Trader // ID=2;Pistolas;CZ75;W;-1;100;
Weapon Trader // ID=2;Pistolas;FNX45;W;-1;100;
Weapon Trader // ID=2;Pistolas;Glock19;W;-1;150;
Weapon Trader // ID=2;Pistolas;MKII;W;-1;100;
Weapon Trader // ID=2;Pistolas;Colt1911;W;-1;100;
Weapon Trader // ID=2;Pistolas;Engraved1911;W;-1;100;
Weapon Trader // ID=2;Pistolas;Magnum;W;-1;100;
Weapon Trader // ID=2;Pistolas;Deagle_Gold;W;-1;300;
Weapon Trader // ID=2;Rifles;Izh18;W;-1;150;
Weapon Trader // ID=2;Rifles;Mosin9130;W;-1;200;
Weapon Trader // ID=2;Rifles;CZ527;W;-1;200;
Weapon Trader // ID=2;Rifles;Winchester70;W;-1;200;
Weapon Trader // ID=2;Rifles;SKS;W;-1;300;
Weapon Trader // ID=2;Rifles;ruger1022;W;-1;200;
Weapon Trader // ID=2;Rifles;Repeater;W;-1;200;
Weapon Trader // ID=2;Rifles;Scout_Chernarus;W;-1;200;
Weapon Trader // ID=2;Shotguns;Mp133Shotgun;W;-1;250;
Weapon Trader // ID=2;Shotguns;Izh43Shotgun;W;-1;250;
Weapon Trader // ID=2;Shotguns;Izh18Shotgun;W;-1;250;
Weapon Trader // ID=2;Shotguns;Saiga;W;-1;300;
Weapon Trader // ID=2;Shotguns;ProxyOptic_PSO1;W;-1;200;
Weapon Trader // ID=2;Submachine Guns;CZ61;W;-1;200;
Weapon Trader // ID=2;Submachine Guns;UMP45;W;-1;200;
Weapon Trader // ID=2;Submachine Guns;MP5K;W;-1;200;
Weapon Trader // ID=2;Submachine Guns;AKS74U;W;-1;300;
Weapon Trader // ID=2;Assault Rifles;FAL;W;-1;500;
Weapon Trader // ID=2;Assault Rifles;AKM;W;-1;500;
Weapon Trader // ID=2;Assault Rifles;AK101;W;-1;500;
Weapon Trader // ID=2;Assault Rifles;AK74;W;-1;500;
Weapon Trader // ID=2;Assault Rifles;M4A1;W;-1;500;
Weapon Trader // ID=2;Assault Rifles;M16A2;W;-1;500;
Weapon Trader // ID=2;Assault Rifles;Aug;W;-1;500;
Weapon Trader // ID=2;Assault Rifles;AugShort;W;-1;500;
Weapon Trader // ID=2;Sniper Rifles;VSS;W;-1;300;
Weapon Trader // ID=2;Sniper Rifles;B95;W;-1;200;
Weapon Trader // ID=2;Sniper Rifles;SVD;W;-1;500;
Weapon Trader // ID=2;Sniper Rifles;ASVAL;W;-1;500;
Weapon Trader // ID=2;Grenades;RGD5Grenade;*;-1;50;
Weapon Trader // ID=2;Grenades;M67Grenade;*;-1;50;
Weapon Trader // ID=2;Grenades;M18SmokeGrenade_Red;*;-1;50;
Weapon Trader // ID=2;Grenades;M18SmokeGrenade_Green;*;-1;50;
Weapon Trader // ID=2;Grenades;M18SmokeGrenade_Yellow;*;-1;50;
Weapon Trader // ID=2;Grenades;M18SmokeGrenade_Purple;*;-1;50;
Weapon Trader // ID=2;Grenades;M18SmokeGrenade_White;*;-1;50;
Weapon Trader // ID=2;Grenades;RDG2SmokeGrenade_Black;*;-1;50;
Weapon Trader // ID=2;Grenades;RDG2SmokeGrenade_White;*;-1;50;
Weapon Trader // ID=2;Grenades;FlashGrenade;*;-1;50;
Weapon Trader // ID=2; itens Novos;Scout;W;-1;200;
Weapon Trader // ID=2; itens Novos;ACOGOptic_6x;W;300;200;
Weapon Trader // ID=2; itens Novos;FAMAS;W;-1;200;
Weapon Trader // ID=2; itens Novos;SSG82;W;-1;200;
Weapon Trader // ID=2; itens Novos;P1;W;300;200;
Weapon Trader // ID=2; itens Novos;LongHorn;W;-1;200;
Weapon Trader // ID=2; itens Novos;SawedoffIzh43Shotgun;W;-1;200;
Weapon Trader // ID=2; itens Novos;SawedoffIzh18Shotgun;W;-1;200;
Weapon Trader // ID=2; itens Novos;ReflexOptic;W;-1;200;
Weapon Trader // ID=2; itens Novos;SawedoffFAMAS;W;-1;200;
Weapon Trader // ID=2; itens Novos;CZ550;W;-1;200;
Weapon Supplies // ID=3;Ammunition;Ammo_357;20;20;2;
Weapon Supplies // ID=3;Ammunition;Ammo_380;20;20;2;
Weapon Supplies // ID=3;Ammunition;Ammo_9x19;20;40;4;
Weapon Supplies // ID=3;Ammunition;Ammo_22;20;20;2;
Weapon Supplies // ID=3;Ammunition;Ammo_45ACP;20;30;3;
Weapon Supplies // ID=3;Ammunition;Ammo_12gaPellets;20;40;4;
Weapon Supplies // ID=3;Ammunition;Ammo_12gaSlug;20;40;4;
Weapon Supplies // ID=3;Ammunition;Ammo_9x39;20;40;4;
Weapon Supplies // ID=3;Ammunition;Ammo_9x39AP;20;40;4;
Weapon Supplies // ID=3;Ammunition;Ammo_308Win;20;70;7;
Weapon Supplies // ID=3;Ammunition;Ammo_545x39;20;50;5;
Weapon Supplies // ID=3;Ammunition;Ammo_556x45;20;50;5;
Weapon Supplies // ID=3;Ammunition;Ammo_762x39;20;60;6;
Weapon Supplies // ID=3;Ammunition;Ammo_762x54;20;60;6;
Weapon Supplies // ID=3;Ammunition;Ammo_556x45Tracer;20;50;5;
Weapon Supplies // ID=3;Ammunition;Ammo_545x39Tracer;20;50;5;
Weapon Supplies // ID=3;Ammunition;Ammo_308WinTracer;20;70;7;
Weapon Supplies // ID=3;Ammunition;Ammo_762x39Tracer;20;60;6;
Weapon Supplies // ID=3;Ammunition;Ammo_Flare;20;10;1;
Weapon Supplies // ID=3;Ammunition;Ammo_FlareBlue;20;10;1;
Weapon Supplies // ID=3;Ammunition;Ammo_FlareGreen;20;10;1;
Weapon Supplies // ID=3;Ammunition;Ammo_FlareRed;20;10;1;
Weapon Supplies // ID=3;Ammunition;Ammo_762x54Tracer;20;60;6;
Weapon Supplies // ID=3;Ammunition;AmmoBox_380_35rnd;*;30;3;
Weapon Supplies // ID=3;Ammunition;AmmoBox_9x19_25rnd;*;42;4;
Weapon Supplies // ID=3;Ammunition;AmmoBox_45ACP_25rnd;*;32;3;
Weapon Supplies // ID=3;Ammunition;AmmoBox_22_50Rnd;*;42;4;
Weapon Supplies // ID=3;Ammunition;AmmoBox_00buck_10rnd;*;20;2;
Weapon Supplies // ID=3;Ammunition;AmmoBox_12gaSlug_10Rnd;*;20;2;
Weapon Supplies // ID=3;Ammunition;AmmoBox_9x39_20Rnd;*;40;4;
Weapon Supplies // ID=3;Ammunition;AmmoBox_9x39AP_20Rnd;*;40;4;
Weapon Supplies // ID=3;Ammunition;AmmoBox_308Win_20Rnd;*;70;7;
Weapon Supplies // ID=3;Ammunition;AmmoBox_545x39_20Rnd;*;50;5;
Weapon Supplies // ID=3;Ammunition;AmmoBox_556x45_20Rnd;*;50;5;
Weapon Supplies // ID=3;Ammunition;AmmoBox_762x39_20Rnd;*;60;6;
Weapon Supplies // ID=3;Ammunition;AmmoBox_762x54_20Rnd;*;60;6;
Weapon Supplies // ID=3;Ammunition;AmmoBox_308WinTracer_20Rnd;*;70;7;
Weapon Supplies // ID=3;Ammunition;AmmoBox_545x39Tracer_20Rnd;*;50;5;
Weapon Supplies // ID=3;Ammunition;AmmoBox_556x45Tracer_20Rnd;*;50;5;
Weapon Supplies // ID=3;Ammunition;AmmoBox_762x39Tracer_20Rnd;*;60;6;
Weapon Supplies // ID=3;Ammunition;AmmoBox_762x54Tracer_20Rnd;*;60;6;
Weapon Supplies // ID=3;Magazines;Mag_IJ70_8Rnd;*;50;5;
Weapon Supplies // ID=3;Magazines;Mag_CZ75_15Rnd;*;50;5;
Weapon Supplies // ID=3;Magazines;Mag_Glock_15Rnd;*;50;5;
Weapon Supplies // ID=3;Magazines;Mag_MKII_10Rnd;*;50;5;
Weapon Supplies // ID=3;Magazines;Mag_1911_7Rnd;*;50;5;
Weapon Supplies // ID=3;Magazines;Mag_FNX45_15Rnd;*;50;5;
Weapon Supplies // ID=3;Magazines;Mag_CZ527_5rnd;*;50;5;
Weapon Supplies // ID=3;Magazines;Mag_CZ61_20Rnd;*;50;5;
Weapon Supplies // ID=3;Magazines;Mag_UMP_25Rnd;*;70;7;
Weapon Supplies // ID=3;Magazines;Mag_MP5_30Rnd;*;70;7;
Weapon Supplies // ID=3;Magazines;Mag_FAL_20Rnd;*;80;8;
Weapon Supplies // ID=3;Magazines;Mag_Saiga_5Rnd;*;60;6;
Weapon Supplies // ID=3;Magazines;Mag_Saiga_8Rnd;*;70;7;
Weapon Supplies // ID=3;Magazines;Mag_Saiga_Drum20Rnd;*;80;8;
Weapon Supplies // ID=3;Magazines;Mag_AKM_30Rnd;*;50;5;
Weapon Supplies // ID=3;Magazines;Mag_AKM_Palm30Rnd;*;50;5;
Weapon Supplies // ID=3;Magazines;Mag_AKM_Drum75Rnd;*;100;10;
Weapon Supplies // ID=3;Magazines;Mag_AK101_30Rnd;*;50;5;
Weapon Supplies // ID=3;Magazines;Mag_AK74_30Rnd;*;50;5;
Weapon Supplies // ID=3;Magazines;Mag_STANAG_30Rnd;*;50;5;
Weapon Supplies // ID=3;Magazines;Mag_STANAGCoupled_30Rnd;*;100;10;
Weapon Supplies // ID=3;Magazines;Mag_CMAG_10Rnd;*;15;2;
Weapon Supplies // ID=3;Magazines;Mag_CMAG_20Rnd;*;25;2;
Weapon Supplies // ID=3;Magazines;Mag_CMAG_30Rnd;*;50;5;
Weapon Supplies // ID=3;Magazines;Mag_CMAG_40Rnd;*;55;6;
Weapon Supplies // ID=3;Magazines;Mag_VSS_10Rnd;*;40;4;
Weapon Supplies // ID=3;Magazines;Mag_SVD_10Rnd;*;80;8;
Weapon Supplies // ID=3;Magazines;Mag_308WinSnaploader_2Rnd;*;50;5;
Weapon Supplies // ID=3;Magazines;MAG_Ruger1022_15Rnd;*;50;5;
Weapon Supplies // ID=3;Magazines;Mag_Aug_30Rnd;*;50;5;
Weapon Supplies // ID=3;Handguards;MP5_PlasticHndgrd;*;30;3;
Weapon Supplies // ID=3;Handguards;MP5_RailHndgrd;*;30;3;
Weapon Supplies // ID=3;Handguards;AK74_Hndgrd;*;50;5;
Weapon Supplies // ID=3;Handguards;AK_WoodHndgrd;*;50;5;
Weapon Supplies // ID=3;Handguards;AK_RailHndgrd;*;50;5;
Weapon Supplies // ID=3;Handguards;AK_PlasticHndgrd;*;50;5;
Weapon Supplies // ID=3;Handguards;M4_PlasticHndgrd;*;50;5;
Weapon Supplies // ID=3;Handguards;M4_RISHndgrd;*;50;5;
Weapon Supplies // ID=3;Handguards;M4_MPHndgrd;*;50;5;
Weapon Supplies // ID=3;Buttstocks;MP5k_StockBttstck;*;50;5;
Weapon Supplies // ID=3;Buttstocks;Fal_OeBttstck;*;50;5;
Weapon Supplies // ID=3;Buttstocks;Fal_FoldingBttstck;*;50;5;
Weapon Supplies // ID=3;Buttstocks;Saiga_Bttstck;*;50;5;
Weapon Supplies // ID=3;Buttstocks;AKS74U_Bttstck;*;50;5;
Weapon Supplies // ID=3;Buttstocks;AK74_WoodBttstck;*;50;5;
Weapon Supplies // ID=3;Buttstocks;AK_PlasticBttstck;*;50;5;
Weapon Supplies // ID=3;Buttstocks;AK_WoodBttstck;*;50;5;
Weapon Supplies // ID=3;Buttstocks;AK_FoldingBttstck;*;50;5;
Weapon Supplies // ID=3;Buttstocks;M4_OEBttstck;*;50;5;
Weapon Supplies // ID=3;Buttstocks;M4_CQBBttstck;*;50;5;
Weapon Supplies // ID=3;Buttstocks;M4_MPBttstck;*;50;5;
Weapon Supplies // ID=3;Optics;M4_CarryHandleOptic;*;50;5;
Weapon Supplies // ID=3;Optics;BUISOptic;*;50;5;
Weapon Supplies // ID=3;Optics;FNP45_MRDSOptic;*;50;5;
Weapon Supplies // ID=3;Optics;ACOGOptic;*;60;6;
Weapon Supplies // ID=3;Optics;M68Optic;*;50;5;
Weapon Supplies // ID=3;Optics;M4_T3NRDSOptic;*;50;5;
Weapon Supplies // ID=3;Optics;KobraOptic;*;50;5;
Weapon Supplies // ID=3;Optics;KashtanOptic;*;50;5;
Weapon Supplies // ID=3;Optics;PUScopeOptic;*;50;5;
Weapon Supplies // ID=3;Optics;HuntingOptic;*;70;7;
Weapon Supplies // ID=3;Optics;PSO1Optic;*;60;6;
Weapon Supplies // ID=3;Optics;PSO11Optic;*;60;6;
Weapon Supplies // ID=3;Optics;KazuarOptic;*;50;5;
Weapon Supplies // ID=3;Supressors;PistolSuppressor;*;250;25;
Weapon Supplies // ID=3;Supressors;AK_Suppressor;*;500;50;
Weapon Supplies // ID=3;Supressors;M4_Suppressor;*;500;50;
Weapon Supplies // ID=3;Compensators;Mosin_Compensator;*;50;5;
Weapon Supplies // ID=3;Compensators;MP5_Compensator;*;50;5;
Weapon Supplies // ID=3;Bayonets;Mosin_Bayonet;*;50;5;
Weapon Supplies // ID=3;Bayonets;M9A1_Bayonet;*;50;5;
Weapon Supplies // ID=3;Bayonets;AK_Bayonet;*;50;5;
Weapon Supplies // ID=3;Bayonets;SKS_Bayonet;*;50;5;
Weapon Supplies // ID=3;Flashlights;Universallight;*;60;6;
Weapon Supplies // ID=3;Advanced scopes;AD_B13Mount;*;150;50;
Weapon Supplies // ID=3;Advanced scopes;AD_MosinMount;*;150;50;
Weapon Supplies // ID=3;Advanced scopes;AD_ACOG;*;150;50;
Weapon Supplies // ID=3;Advanced scopes;AD_ACOG_MosinMount;*;150;50;
Weapon Supplies // ID=3;Advanced scopes;AD_ACOG_B13;*;150;50;
Weapon Supplies // ID=3;Advanced scopes;AD_ACOG_RMR;*;150;50;
Weapon Supplies // ID=3;Advanced scopes;AD_ACOG_RMR_MosinMount;*;150;50;
Weapon Supplies // ID=3;Advanced scopes;AD_ACOG_RMR_B13;*;150;50;
Weapon Supplies // ID=3;Advanced scopes;AD_DHF5;*;150;50;
Weapon Supplies // ID=3;Advanced scopes;AD_DHF5_MosinMount;*;150;50;
Weapon Supplies // ID=3;Advanced scopes;AD_DHF5_B13;*;150;50;
Weapon Supplies // ID=3;Advanced scopes;AD_MRS;*;150;50;
Weapon Supplies // ID=3;Advanced scopes;AD_MRS_MosinMount;*;150;50;
Weapon Supplies // ID=3;Advanced scopes;AD_MRS_B13;*;150;50;
Weapon Supplies // ID=3;Advanced scopes;AD_NFATACR;*;150;50;
Weapon Supplies // ID=3;Advanced scopes;AD_NFATACR_MosinMount;*;150;50;
Weapon Supplies // ID=3;Advanced scopes;AD_NFATACR_B13;*;150;50;
Weapon Supplies // ID=3;Advanced scopes;AD_NFATACR_1_8;*;150;50;
Weapon Supplies // ID=3;Advanced scopes;AD_NFATACR_1_8_MosinMount;*;150;50;
Weapon Supplies // ID=3;Advanced scopes;AD_NFATACR_1_8_B13;*;150;50;
Weapon Supplies // ID=3;Advanced scopes;AD_OKP7;*;150;50;
Weapon Supplies // ID=3;Advanced scopes;AD_OKP7_MosinMount;*;150;50;
Weapon Supplies // ID=3;Advanced scopes;AD_OKP7_B13;*;150;50;
Weapon Supplies // ID=3;Advanced scopes;AD_Pilad;*;150;50;
Weapon Supplies // ID=3;Advanced scopes;AD_Pilad_MosinMount;*;150;50;
Weapon Supplies // ID=3;Advanced scopes;AD_Pilad_B13;*;150;50;
Weapon Supplies // ID=3;Advanced scopes;AD_PVS4;*;150;50;
Weapon Supplies // ID=3;Advanced scopes;AD_PVS4_MosinMount;*;150;50;
Weapon Supplies // ID=3;Advanced scopes;AD_PVS4_B13;*;150;50;
Weapon Supplies // ID=3;Advanced scopes;AD_RMR;*;150;50;
Weapon Supplies // ID=3;Advanced scopes;AD_RMR_LM;*;150;50;
Weapon Supplies // ID=3;Advanced scopes;AD_RMR_LM_MosinMount;*;150;50;
Weapon Supplies // ID=3;Advanced scopes;AD_RMR_LM_B13;*;150;50;
Weapon Supplies // ID=3;Advanced scopes;AD_RMR_TM;*;150;50;
Weapon Supplies // ID=3;Advanced scopes;AD_RMR_TM_MosinMount;*;150;50;
Weapon Supplies // ID=3;Advanced scopes;AD_RMR_TM_B13;*;150;50;
Weapon Supplies // ID=3;Advanced scopes;AD_SpecterDR;*;150;50;
Weapon Supplies // ID=3;Advanced scopes;AD_SpecterDR_MosinMount;*;150;50;
Weapon Supplies // ID=3;Advanced scopes;AD_SpecterDR_B13;*;150;50;
Clothing Trader // ID=4;Glasses;SportGlasses_Orange;*;30;3;
Clothing Trader // ID=4;Glasses;SportGlasses_Blue;*;30;3;
Clothing Trader // ID=4;Glasses;SportGlasses_Black;*;30;3;
Clothing Trader // ID=4;Glasses;SportGlasses_Green;*;30;3;
Clothing Trader // ID=4;Glasses;ThinFramesGlasses;*;35;4;
Clothing Trader // ID=4;Glasses;ThickFramesGlasses;*;35;4;
Clothing Trader // ID=4;Glasses;DesignerGlasses;*;35;4;
Clothing Trader // ID=4;Glasses;AviatorGlasses;*;35;4;
Clothing Trader // ID=4;Glasses;TacticalGoggles;*;35;4;
Clothing Trader // ID=4;Glasses;NVGHeadstrap;*;250;25;
Clothing Trader // ID=4;Armbands;Armband_Pink;*;20;2;
Clothing Trader // ID=4;Armbands;Armband_Yellow;*;20;2;
Clothing Trader // ID=4;Armbands;Armband_Orange;*;20;2;
Clothing Trader // ID=4;Armbands;Armband_Red;*;20;2;
Clothing Trader // ID=4;Armbands;Armband_Blue;*;20;2;
Clothing Trader // ID=4;Armbands;Armband_White;*;20;2;
Clothing Trader // ID=4;Armbands;Armband_Black;*;20;2;
Clothing Trader // ID=4;Armbands;Armband_Green;*;20;2;
Clothing Trader // ID=4;Gloves;SurgicalGloves_LightBlue;*;25;2;
Clothing Trader // ID=4;Gloves;SurgicalGloves_Blue;*;25;2;
Clothing Trader // ID=4;Gloves;SurgicalGloves_White;*;25;2;
Clothing Trader // ID=4;Gloves;SurgicalGloves_Green;*;25;2;
Clothing Trader // ID=4;Gloves;WorkingGloves_Yellow;*;30;3;
Clothing Trader // ID=4;Gloves;WorkingGloves_Beige;*;30;3;
Clothing Trader // ID=4;Gloves;WorkingGloves_Brown;*;30;3;
Clothing Trader // ID=4;Gloves;WorkingGloves_Black;*;30;3;
Clothing Trader // ID=4;Gloves;TacticalGloves_Beige;*;50;5;
Clothing Trader // ID=4;Gloves;TacticalGloves_Black;*;50;5;
Clothing Trader // ID=4;Gloves;TacticalGloves_Green;*;50;5;
Clothing Trader // ID=4;Gloves;OMNOGloves_Gray;*;50;5;
Clothing Trader // ID=4;Gloves;OMNOGloves_Brown;*;50;5;
Clothing Trader // ID=4;Hats & Caps;MedicalScrubsHat_Blue;*;25;2;
Clothing Trader // ID=4;Hats & Caps;MedicalScrubsHat_White;*;25;2;
Clothing Trader // ID=4;Hats & Caps;MedicalScrubsHat_Green;*;25;2;
Clothing Trader // ID=4;Hats & Caps;Bandana_Polkapattern;*;30;3;
Clothing Trader // ID=4;Hats & Caps;Bandana_Redpattern;*;30;3;
Clothing Trader // ID=4;Hats & Caps;Bandana_Blackpattern;*;30;3;
Clothing Trader // ID=4;Hats & Caps;Bandana_Greenpattern;*;30;3;
Clothing Trader // ID=4;Hats & Caps;Bandana_Camopattern;*;30;3;
Clothing Trader // ID=4;Hats & Caps;BaseballCap_CMMG_Pink;*;30;3;
Clothing Trader // ID=4;Hats & Caps;BaseballCap_Pink;*;30;3;
Clothing Trader // ID=4;Hats & Caps;BaseballCap_Red;*;30;3;
Clothing Trader // ID=4;Hats & Caps;BaseballCap_Blue;*;30;3;
Clothing Trader // ID=4;Hats & Caps;BaseballCap_Beige;*;30;3;
Clothing Trader // ID=4;Hats & Caps;BaseballCap_CMMG_Black;*;30;3;
Clothing Trader // ID=4;Hats & Caps;BaseballCap_Black;*;30;3;
Clothing Trader // ID=4;Hats & Caps;BaseballCap_Olive;*;30;3;
Clothing Trader // ID=4;Hats & Caps;BaseballCap_Camo;*;30;3;
Clothing Trader // ID=4;Hats & Caps;PrisonerCap;*;30;3;
Clothing Trader // ID=4;Hats & Caps;BoonieHat_Orange;*;30;3;
Clothing Trader // ID=4;Hats & Caps;BoonieHat_Red;*;30;3;
Clothing Trader // ID=4;Hats & Caps;BoonieHat_Blue;*;30;3;
Clothing Trader // ID=4;Hats & Caps;BoonieHat_NavyBlue;*;30;3;
Clothing Trader // ID=4;Hats & Caps;BoonieHat_Black;*;30;3;
Clothing Trader // ID=4;Hats & Caps;BoonieHat_Tan;*;30;3;
Clothing Trader // ID=4;Hats & Caps;BoonieHat_Olive;*;30;3;
Clothing Trader // ID=4;Hats & Caps;BoonieHat_DPM;*;30;3;
Clothing Trader // ID=4;Hats & Caps;BoonieHat_Dubok;*;30;3;
Clothing Trader // ID=4;Hats & Caps;BoonieHat_Flecktran;*;30;3;
Clothing Trader // ID=4;Hats & Caps;CowboyHat_Brown;*;40;4;
Clothing Trader // ID=4;Hats & Caps;CowboyHat_darkBrown;*;40;4;
Clothing Trader // ID=4;Hats & Caps;CowboyHat_black;*;40;4;
Clothing Trader // ID=4;Hats & Caps;CowboyHat_green;*;40;4;
Clothing Trader // ID=4;Hats & Caps;PilotkaCap;*;30;3;
Clothing Trader // ID=4;Hats & Caps;OfficerHat;*;40;4;
Clothing Trader // ID=4;Hats & Caps;PoliceCap;*;40;4;
Clothing Trader // ID=4;Hats & Caps;MilitaryBeret_ChDKZ;*;40;4;
Clothing Trader // ID=4;Hats & Caps;MilitaryBeret_Red;*;40;4;
Clothing Trader // ID=4;Hats & Caps;MilitaryBeret_UN;*;40;4;
Clothing Trader // ID=4;Hats & Caps;MilitaryBeret_CDF;*;40;4;
Clothing Trader // ID=4;Hats & Caps;MilitaryBeret_NZ;*;40;4;
Clothing Trader // ID=4;Hats & Caps;BeanieHat_Pink;*;30;3;
Clothing Trader // ID=4;Hats & Caps;BeanieHat_Red;*;30;3;
Clothing Trader // ID=4;Hats & Caps;BeanieHat_Blue;*;30;3;
Clothing Trader // ID=4;Hats & Caps;BeanieHat_Grey;*;30;3;
Clothing Trader // ID=4;Hats & Caps;BeanieHat_Beige;*;30;3;
Clothing Trader // ID=4;Hats & Caps;BeanieHat_Brown;*;30;3;
Clothing Trader // ID=4;Hats & Caps;BeanieHat_Black;*;30;3;
Clothing Trader // ID=4;Hats & Caps;BeanieHat_Green;*;30;3;
Clothing Trader // ID=4;Hats & Caps;FlatCap_Red;*;30;3;
Clothing Trader // ID=4;Hats & Caps;FlatCap_Blue;*;30;3;
Clothing Trader // ID=4;Hats & Caps;FlatCap_BrownCheck;*;30;3;
Clothing Trader // ID=4;Hats & Caps;FlatCap_GreyCheck;*;30;3;
Clothing Trader // ID=4;Hats & Caps;FlatCap_Grey;*;30;3;
Clothing Trader // ID=4;Hats & Caps;FlatCap_Brown;*;30;3;
Clothing Trader // ID=4;Hats & Caps;FlatCap_Black;*;30;3;
Clothing Trader // ID=4;Hats & Caps;FlatCap_BlackCheck;*;30;3;
Clothing Trader // ID=4;Hats & Caps;ZmijovkaCap_Red;*;30;3;
Clothing Trader // ID=4;Hats & Caps;ZmijovkaCap_Blue;*;30;3;
Clothing Trader // ID=4;Hats & Caps;ZmijovkaCap_Brown;*;30;3;
Clothing Trader // ID=4;Hats & Caps;ZmijovkaCap_Black;*;30;3;
Clothing Trader // ID=4;Hats & Caps;ZmijovkaCap_Green;*;30;3;
Clothing Trader // ID=4;Hats & Caps;RadarCap_Red;*;30;3;
Clothing Trader // ID=4;Hats & Caps;RadarCap_Blue;*;30;3;
Clothing Trader // ID=4;Hats & Caps;RadarCap_Brown;*;30;3;
Clothing Trader // ID=4;Hats & Caps;RadarCap_Black;*;30;3;
Clothing Trader // ID=4;Hats & Caps;RadarCap_Green;*;30;3;
Clothing Trader // ID=4;Hats & Caps;Ushanka_Blue;*;40;4;
Clothing Trader // ID=4;Hats & Caps;Ushanka_Black;*;40;4;
Clothing Trader // ID=4;Hats & Caps;Ushanka_Green;*;40;4;
Clothing Trader // ID=4;Helmets;ConstructionHelmet_Yellow;*;35;4;
Clothing Trader // ID=4;Helmets;ConstructionHelmet_Orange;*;35;4;
Clothing Trader // ID=4;Helmets;ConstructionHelmet_Red;*;35;4;
Clothing Trader // ID=4;Helmets;ConstructionHelmet_Blue;*;35;4;
Clothing Trader // ID=4;Helmets;ConstructionHelmet_White;*;35;4;
Clothing Trader // ID=4;Helmets;ConstructionHelmet_Lime;*;35;4;
Clothing Trader // ID=4;Helmets;SkateHelmet_Red;*;30;3;
Clothing Trader // ID=4;Helmets;SkateHelmet_Blue;*;30;3;
Clothing Trader // ID=4;Helmets;SkateHelmet_Gray;*;30;3;
Clothing Trader // ID=4;Helmets;SkateHelmet_Black;*;30;3;
Clothing Trader // ID=4;Helmets;SkateHelmet_Green;*;30;3;
Clothing Trader // ID=4;Helmets;HockeyHelmet_Red;*;35;4;
Clothing Trader // ID=4;Helmets;HockeyHelmet_Blue;*;35;4;
Clothing Trader // ID=4;Helmets;HockeyHelmet_White;*;35;4;
Clothing Trader // ID=4;Helmets;HockeyHelmet_Black;*;35;4;
Clothing Trader // ID=4;Helmets;DirtBikeHelmet_Mouthguard;*;10;1;
Clothing Trader // ID=4;Helmets;DirtBikeHelmet_Visor;*;10;1;
Clothing Trader // ID=4;Helmets;DirtBikeHelmet_Red;*;30;3;
Clothing Trader // ID=4;Helmets;DirtBikeHelmet_Blue;*;30;3;
Clothing Trader // ID=4;Helmets;DirtBikeHelmet_Police;*;30;3;
Clothing Trader // ID=4;Helmets;DirtBikeHelmet_Green;*;30;3;
Clothing Trader // ID=4;Helmets;DirtBikeHelmet_Chernarus;*;30;3;
Clothing Trader // ID=4;Helmets;DirtBikeHelmet_Black;*;30;3;
Clothing Trader // ID=4;Helmets;DirtBikeHelmet_Khaki;*;30;3;
Clothing Trader // ID=4;Helmets;MotoHelmet_Red;*;35;4;
Clothing Trader // ID=4;Helmets;MotoHelmet_Blue;*;35;4;
Clothing Trader // ID=4;Helmets;MotoHelmet_White;*;35;4;
Clothing Trader // ID=4;Helmets;MotoHelmet_Lime;*;35;4;
Clothing Trader // ID=4;Helmets;MotoHelmet_Grey;*;35;4;
Clothing Trader // ID=4;Helmets;MotoHelmet_Black;*;35;4;
Clothing Trader // ID=4;Helmets;MotoHelmet_Green;*;35;4;
Clothing Trader // ID=4;Helmets;DarkMotoHelmet_Red;*;35;4;
Clothing Trader // ID=4;Helmets;DarkMotoHelmet_Blue;*;35;4;
Clothing Trader // ID=4;Helmets;DarkMotoHelmet_White;*;35;4;
Clothing Trader // ID=4;Helmets;DarkMotoHelmet_Lime;*;35;4;
Clothing Trader // ID=4;Helmets;DarkMotoHelmet_Grey;*;35;4;
Clothing Trader // ID=4;Helmets;DarkMotoHelmet_Black;*;35;4;
Clothing Trader // ID=4;Helmets;DarkMotoHelmet_Green;*;35;4;
Clothing Trader // ID=4;Helmets;TankerHelmet;*;40;4;
Clothing Trader // ID=4;Helmets;GreatHelm;*;300;30;
Clothing Trader // ID=4;Helmets;ZSh3PilotHelmet;*;40;4;
Clothing Trader // ID=4;Helmets;FirefightersHelmet_Yellow;*;45;4;
Clothing Trader // ID=4;Helmets;FirefightersHelmet_Red;*;45;4;
Clothing Trader // ID=4;Helmets;FirefightersHelmet_White;*;45;4;
Clothing Trader // ID=4;Helmets;Mich2001Helmet;*;80;8;
Clothing Trader // ID=4;Helmets;GorkaHelmetVisor;*;30;3;
Clothing Trader // ID=4;Helmets;GorkaHelmet;*;80;8;
Clothing Trader // ID=4;Helmets;Ssh68Helmet;*;50;5;
Clothing Trader // ID=4;Helmets;BallisticHelmet_UN;*;80;8;
Clothing Trader // ID=4;Helmets;BallisticHelmet_Black;*;80;8;
Clothing Trader // ID=4;Helmets;BallisticHelmet_Green;*;80;8;
Clothing Trader // ID=4;Masks;Balaclava3Holes_Blue;*;50;5;
Clothing Trader // ID=4;Masks;Balaclava3Holes_Beige;*;50;5;
Clothing Trader // ID=4;Masks;Balaclava3Holes_Black;*;50;5;
Clothing Trader // ID=4;Masks;Balaclava3Holes_Green;*;50;5;
Clothing Trader // ID=4;Masks;WeldingMask;*;50;5;
Clothing Trader // ID=4;Shirts;TShirt_OrangeWhiteStripes;*;70;7;
Clothing Trader // ID=4;Shirts;TShirt_RedBlackStripes;*;70;7;
Clothing Trader // ID=4;Shirts;TShirt_Red;*;70;7;
Clothing Trader // ID=4;Shirts;TShirt_Blue;*;70;7;
Clothing Trader // ID=4;Shirts;TShirt_White;*;70;7;
Clothing Trader // ID=4;Shirts;TShirt_Grey;*;70;7;
Clothing Trader // ID=4;Shirts;TShirt_Beige;*;70;7;
Clothing Trader // ID=4;Shirts;TShirt_Black;*;70;7;
Clothing Trader // ID=4;Shirts;TShirt_Green;*;70;7;
Clothing Trader // ID=4;Shirts;TelnyashkaShirt;*;70;7;
Clothing Trader // ID=4;Shirts;Shirt_RedCheck;*;70;7;
Clothing Trader // ID=4;Shirts;Shirt_BlueCheckBright;*;70;7;
Clothing Trader // ID=4;Shirts;Shirt_BlueCheck;*;70;7;
Clothing Trader // ID=4;Shirts;Shirt_WhiteCheck;*;70;7;
Clothing Trader // ID=4;Shirts;Shirt_PlaneBlack;*;70;7;
Clothing Trader // ID=4;Shirts;Shirt_GreenCheck;*;70;7;
Clothing Trader // ID=4;Shirts;Blouse_Violet;*;70;7;
Clothing Trader // ID=4;Shirts;Blouse_Blue;*;70;7;
Clothing Trader // ID=4;Shirts;Blouse_White;*;70;7;
Clothing Trader // ID=4;Shirts;Blouse_Green;*;70;7;
Clothing Trader // ID=4;Shirts;MedicalScrubsShirt_Blue;*;70;7;
Clothing Trader // ID=4;Shirts;MedicalScrubsShirt_White;*;70;7;
Clothing Trader // ID=4;Shirts;MedicalScrubsShirt_Green;*;70;7;
Clothing Trader // ID=4;Shirts;ChernarusSportShirt;*;70;7;
Clothing Trader // ID=4;Shirts;TacticalShirt_Grey;*;80;8;
Clothing Trader // ID=4;Shirts;TacticalShirt_Tan;*;80;8;
Clothing Trader // ID=4;Shirts;TacticalShirt_Black;*;80;8;
Clothing Trader // ID=4;Shirts;TacticalShirt_Olive;*;80;8;
Clothing Trader // ID=4;Hoodies & Sweater;Sweater_Red;*;70;7;
Clothing Trader // ID=4;Hoodies & Sweater;Sweater_Blue;*;70;7;
Clothing Trader // ID=4;Hoodies & Sweater;Sweater_Gray;*;70;7;
Clothing Trader // ID=4;Hoodies & Sweater;Sweater_Green;*;70;7;
Clothing Trader // ID=4;Hoodies & Sweater;Hoodie_DrJ0nes;*;70;7;
Clothing Trader // ID=4;Hoodies & Sweater;Hoodie_GraffitiTiles;*;70;7;
Clothing Trader // ID=4;Hoodies & Sweater;Hoodie_Red;*;70;7;
Clothing Trader // ID=4;Hoodies & Sweater;Hoodie_Blue;*;70;7;
Clothing Trader // ID=4;Hoodies & Sweater;Hoodie_Grey;*;70;7;
Clothing Trader // ID=4;Hoodies & Sweater;Hoodie_Brown;*;70;7;
Clothing Trader // ID=4;Hoodies & Sweater;Hoodie_Black;*;70;7;
Clothing Trader // ID=4;Hoodies & Sweater;Hoodie_Green;*;70;7;
Clothing Trader // ID=4;Vests;ReflexVest;*;50;5;
Clothing Trader // ID=4;Vests;PoliceVest;*;80;8;
Clothing Trader // ID=4;Vests;HuntingVest;*;100;10;
Clothing Trader // ID=4;Vests;PressVest_LightBlue;*;100;10;
Clothing Trader // ID=4;Vests;PressVest_Blue;*;100;10;
Clothing Trader // ID=4;Vests;UKAssVest_Black;*;120;12;
Clothing Trader // ID=4;Vests;UKAssVest_Khaki;*;120;12;
Clothing Trader // ID=4;Vests;UKAssVest_Olive;*;120;12;
Clothing Trader // ID=4;Vests;UKAssVest_Camo;*;120;12;
Clothing Trader // ID=4;Vests;SmershVest;*;130;13;
Clothing Trader // ID=4;Vests;HighCapacityVest_Black;*;120;12;
Clothing Trader // ID=4;Vests;HighCapacityVest_Olive;*;120;12;
Clothing Trader // ID=4;Vests;PlateCarrierVest;*;200;20;
Clothing Trader // ID=4;Jackets & Coats;LabCoat;*;40;4;
Clothing Trader // ID=4;Jackets & Coats;TrackSuitJacket_Red;*;30;3;
Clothing Trader // ID=4;Jackets & Coats;TrackSuitJacket_LightBlue;*;30;3;
Clothing Trader // ID=4;Jackets & Coats;TrackSuitJacket_Blue;*;30;3;
Clothing Trader // ID=4;Jackets & Coats;TrackSuitJacket_Black;*;30;3;
Clothing Trader // ID=4;Jackets & Coats;TrackSuitJacket_Green;*;30;3;
Clothing Trader // ID=4;Jackets & Coats;DenimJacket;*;30;3;
Clothing Trader // ID=4;Jackets & Coats;ManSuit_Blue;*;30;3;
Clothing Trader // ID=4;Jackets & Coats;ManSuit_White;*;30;3;
Clothing Trader // ID=4;Jackets & Coats;ManSuit_LightGrey;*;30;3;
Clothing Trader // ID=4;Jackets & Coats;ManSuit_DarkGrey;*;30;3;
Clothing Trader // ID=4;Jackets & Coats;ManSuit_Beige;*;30;3;
Clothing Trader // ID=4;Jackets & Coats;ManSuit_Brown;*;30;3;
Clothing Trader // ID=4;Jackets & Coats;ManSuit_Black;*;30;3;
Clothing Trader // ID=4;Jackets & Coats;ManSuit_Khaki;*;30;3;
Clothing Trader // ID=4;Jackets & Coats;WomanSuit_Blue;*;30;3;
Clothing Trader // ID=4;Jackets & Coats;WomanSuit_White;*;30;3;
Clothing Trader // ID=4;Jackets & Coats;WomanSuit_LightGrey;*;30;3;
Clothing Trader // ID=4;Jackets & Coats;WomanSuit_DarkGrey;*;30;3;
Clothing Trader // ID=4;Jackets & Coats;WomanSuit_Beige;*;30;3;
Clothing Trader // ID=4;Jackets & Coats;WomanSuit_Brown;*;30;3;
Clothing Trader // ID=4;Jackets & Coats;WomanSuit_Black;*;30;3;
Clothing Trader // ID=4;Jackets & Coats;WomanSuit_Khaki;*;30;3;
Clothing Trader // ID=4;Jackets & Coats;WoolCoat_Red;*;40;4;
Clothing Trader // ID=4;Jackets & Coats;WoolCoat_RedCheck;*;40;4;
Clothing Trader // ID=4;Jackets & Coats;WoolCoat_Blue;*;40;4;
Clothing Trader // ID=4;Jackets & Coats;WoolCoat_BlueCheck;*;40;4;
Clothing Trader // ID=4;Jackets & Coats;WoolCoat_GreyCheck;*;40;4;
Clothing Trader // ID=4;Jackets & Coats;WoolCoat_BrownCheck;*;40;4;
Clothing Trader // ID=4;Jackets & Coats;WoolCoat_Beige;*;40;4;
Clothing Trader // ID=4;Jackets & Coats;WoolCoat_Black;*;40;4;
Clothing Trader // ID=4;Jackets & Coats;WoolCoat_BlackCheck;*;40;4;
Clothing Trader // ID=4;Jackets & Coats;WoolCoat_Green;*;40;4;
Clothing Trader // ID=4;Jackets & Coats;RidersJacket_Black;*;40;4;
Clothing Trader // ID=4;Jackets & Coats;FirefighterJacket_Beige;*;80;8;
Clothing Trader // ID=4;Jackets & Coats;FirefighterJacket_Black;*;80;8;
Clothing Trader // ID=4;Jackets & Coats;JumpsuitJacket_Red;*;40;4;
Clothing Trader // ID=4;Jackets & Coats;JumpsuitJacket_Blue;*;40;4;
Clothing Trader // ID=4;Jackets & Coats;JumpsuitJacket_Gray;*;40;4;
Clothing Trader // ID=4;Jackets & Coats;JumpsuitJacket_Green;*;40;4;
Clothing Trader // ID=4;Jackets & Coats;BomberJacket_Maroon;*;40;4;
Clothing Trader // ID=4;Jackets & Coats;BomberJacket_SkyBlue;*;40;4;
Clothing Trader // ID=4;Jackets & Coats;BomberJacket_Blue;*;40;4;
Clothing Trader // ID=4;Jackets & Coats;BomberJacket_Grey;*;40;4;
Clothing Trader // ID=4;Jackets & Coats;BomberJacket_Brown;*;40;4;
Clothing Trader // ID=4;Jackets & Coats;BomberJacket_Black;*;40;4;
Clothing Trader // ID=4;Jackets & Coats;BomberJacket_Olive;*;40;4;
Clothing Trader // ID=4;Jackets & Coats;QuiltedJacket_Orange;*;30;3;
Clothing Trader // ID=4;Jackets & Coats;QuiltedJacket_Yellow;*;30;3;
Clothing Trader // ID=4;Jackets & Coats;QuiltedJacket_Red;*;30;3;
Clothing Trader // ID=4;Jackets & Coats;QuiltedJacket_Violet;*;30;3;
Clothing Trader // ID=4;Jackets & Coats;QuiltedJacket_Blue;*;30;3;
Clothing Trader // ID=4;Jackets & Coats;QuiltedJacket_Grey;*;30;3;
Clothing Trader // ID=4;Jackets & Coats;QuiltedJacket_Black;*;30;3;
Clothing Trader // ID=4;Jackets & Coats;QuiltedJacket_Green;*;30;3;
Clothing Trader // ID=4;Jackets & Coats;PrisonUniformJacket;*;30;3;
Clothing Trader // ID=4;Jackets & Coats;PoliceJacketOrel;*;40;4;
Clothing Trader // ID=4;Jackets & Coats;PoliceJacket;*;40;4;
Clothing Trader // ID=4;Jackets & Coats;ParamedicJacket_Crimson;*;30;3;
Clothing Trader // ID=4;Jackets & Coats;ParamedicJacket_Blue;*;30;3;
Clothing Trader // ID=4;Jackets & Coats;ParamedicJacket_Green;*;30;3;
Clothing Trader // ID=4;Jackets & Coats;HikingJacket_Red;*;30;3;
Clothing Trader // ID=4;Jackets & Coats;HikingJacket_Blue;*;30;3;
Clothing Trader // ID=4;Jackets & Coats;HikingJacket_Black;*;30;3;
Clothing Trader // ID=4;Jackets & Coats;HikingJacket_Green;*;30;3;
Clothing Trader // ID=4;Jackets & Coats;Raincoat_Pink;*;35;4;
Clothing Trader // ID=4;Jackets & Coats;Raincoat_Orange;*;35;4;
Clothing Trader // ID=4;Jackets & Coats;Raincoat_Yellow;*;35;4;
Clothing Trader // ID=4;Jackets & Coats;Raincoat_Red;*;35;4;
Clothing Trader // ID=4;Jackets & Coats;Raincoat_Blue;*;35;4;
Clothing Trader // ID=4;Jackets & Coats;Raincoat_Black;*;35;4;
Clothing Trader // ID=4;Jackets & Coats;Raincoat_Green;*;35;4;
Clothing Trader // ID=4;Jackets & Coats;TTsKOJacket_Camo;*;100;10;
Clothing Trader // ID=4;Jackets & Coats;BDUJacket;*;100;10;
Clothing Trader // ID=4;Jackets & Coats;HuntingJacket_Winter;*;100;10;
Clothing Trader // ID=4;Jackets & Coats;HuntingJacket_Brown;*;100;10;
Clothing Trader // ID=4;Jackets & Coats;HuntingJacket_Autumn;*;100;10;
Clothing Trader // ID=4;Jackets & Coats;HuntingJacket_Spring;*;100;10;
Clothing Trader // ID=4;Jackets & Coats;HuntingJacket_Summer;*;100;10;
Clothing Trader // ID=4;Jackets & Coats;M65Jacket_Tan;*;90;9;
Clothing Trader // ID=4;Jackets & Coats;M65Jacket_Black;*;90;9;
Clothing Trader // ID=4;Jackets & Coats;M65Jacket_Khaki;*;90;9;
Clothing Trader // ID=4;Jackets & Coats;M65Jacket_Olive;*;90;9;
Clothing Trader // ID=4;Jackets & Coats;GorkaEJacket_Autumn;*;150;15;
Clothing Trader // ID=4;Jackets & Coats;GorkaEJacket_Flat;*;150;15;
Clothing Trader // ID=4;Jackets & Coats;GorkaEJacket_PautRev;*;150;15;
Clothing Trader // ID=4;Jackets & Coats;GorkaEJacket_Summer;*;150;15;
Clothing Trader // ID=4;Jackets & Coats;USMCJacket_Desert;*;100;10;
Clothing Trader // ID=4;Jackets & Coats;USMCJacket_Woodland;*;100;10;
Clothing Trader // ID=4;Skirts & Dresses;Skirt_Yellow;*;30;3;
Clothing Trader // ID=4;Skirts & Dresses;Skirt_Red;*;30;3;
Clothing Trader // ID=4;Skirts & Dresses;Skirt_Blue;*;30;3;
Clothing Trader // ID=4;Skirts & Dresses;Skirt_White;*;30;3;
Clothing Trader // ID=4;Skirts & Dresses;MiniDress_Pink;*;30;3;
Clothing Trader // ID=4;Skirts & Dresses;MiniDress_PinkChecker;*;30;3;
Clothing Trader // ID=4;Skirts & Dresses;MiniDress_RedChecker;*;30;3;
Clothing Trader // ID=4;Skirts & Dresses;MiniDress_BlueChecker;*;30;3;
Clothing Trader // ID=4;Skirts & Dresses;MiniDress_BlueWithDots;*;30;3;
Clothing Trader // ID=4;Skirts & Dresses;MiniDress_WhiteChecker;*;30;3;
Clothing Trader // ID=4;Skirts & Dresses;MiniDress_BrownChecker;*;30;3;
Clothing Trader // ID=4;Skirts & Dresses;MiniDress_GreenChecker;*;30;3;
Clothing Trader // ID=4;Skirts & Dresses;NurseDress_Blue;*;30;3;
Clothing Trader // ID=4;Skirts & Dresses;NurseDress_White;*;30;3;
Clothing Trader // ID=4;Pants;MedicalScrubsPants_Blue;*;30;3;
Clothing Trader // ID=4;Pants;MedicalScrubsPants_White;*;30;3;
Clothing Trader // ID=4;Pants;MedicalScrubsPants_Green;*;30;3;
Clothing Trader // ID=4;Pants;TrackSuitPants_Red;*;30;3;
Clothing Trader // ID=4;Pants;TrackSuitPants_LightBlue;*;30;3;
Clothing Trader // ID=4;Pants;TrackSuitPants_Blue;*;30;3;
Clothing Trader // ID=4;Pants;TrackSuitPants_Black;*;30;3;
Clothing Trader // ID=4;Pants;TrackSuitPants_Green;*;30;3;
Clothing Trader // ID=4;Pants;PrisonUniformPants;*;30;3;
Clothing Trader // ID=4;Pants;Breeches_Pink;*;30;3;
Clothing Trader // ID=4;Pants;Breeches_Red;*;30;3;
Clothing Trader // ID=4;Pants;Breeches_Blue;*;30;3;
Clothing Trader // ID=4;Pants;Breeches_White;*;30;3;
Clothing Trader // ID=4;Pants;Breeches_Beetcheck;*;30;3;
Clothing Trader // ID=4;Pants;Breeches_Beige;*;30;3;
Clothing Trader // ID=4;Pants;Breeches_Browncheck;*;30;3;
Clothing Trader // ID=4;Pants;Breeches_Black;*;30;3;
Clothing Trader // ID=4;Pants;Breeches_Blackcheck;*;30;3;
Clothing Trader // ID=4;Pants;Breeches_Green;*;30;3;
Clothing Trader // ID=4;Pants;SlacksPants_Blue;*;30;3;
Clothing Trader // ID=4;Pants;SlacksPants_White;*;30;3;
Clothing Trader // ID=4;Pants;SlacksPants_LightGrey;*;30;3;
Clothing Trader // ID=4;Pants;SlacksPants_DarkGrey;*;30;3;
Clothing Trader // ID=4;Pants;SlacksPants_Beige;*;30;3;
Clothing Trader // ID=4;Pants;SlacksPants_Brown;*;30;3;
Clothing Trader // ID=4;Pants;SlacksPants_Black;*;30;3;
Clothing Trader // ID=4;Pants;SlacksPants_Khaki;*;30;3;
Clothing Trader // ID=4;Pants;CanvasPantsMidi_Red;*;30;3;
Clothing Trader // ID=4;Pants;CanvasPantsMidi_Violet;*;30;3;
Clothing Trader // ID=4;Pants;CanvasPantsMidi_Blue;*;30;3;
Clothing Trader // ID=4;Pants;CanvasPantsMidi_Grey;*;30;3;
Clothing Trader // ID=4;Pants;CanvasPantsMidi_Beige;*;30;3;
Clothing Trader // ID=4;Pants;CanvasPants_Red;*;30;3;
Clothing Trader // ID=4;Pants;CanvasPants_Violet;*;30;3;
Clothing Trader // ID=4;Pants;CanvasPants_Blue;*;30;3;
Clothing Trader // ID=4;Pants;CanvasPants_Grey;*;30;3;
Clothing Trader // ID=4;Pants;CanvasPants_Beige;*;30;3;
Clothing Trader // ID=4;Pants;JumpsuitPants_Red;*;30;3;
Clothing Trader // ID=4;Pants;JumpsuitPants_Blue;*;30;3;
Clothing Trader // ID=4;Pants;JumpsuitPants_Grey;*;30;3;
Clothing Trader // ID=4;Pants;JumpsuitPants_Green;*;30;3;
Clothing Trader // ID=4;Pants;PolicePants;*;50;5;
Clothing Trader // ID=4;Pants;ParamedicPants_Crimson;*;40;4;
Clothing Trader // ID=4;Pants;ParamedicPants_Blue;*;40;4;
Clothing Trader // ID=4;Pants;ParamedicPants_Green;*;40;4;
Clothing Trader // ID=4;Pants;FirefightersPants_Beige;*;80;8;
Clothing Trader // ID=4;Pants;FirefightersPants_Black;*;80;8;
Clothing Trader // ID=4;Pants;CargoPants_Blue;*;40;4;
Clothing Trader // ID=4;Pants;CargoPants_Grey;*;40;4;
Clothing Trader // ID=4;Pants;CargoPants_Beige;*;40;4;
Clothing Trader // ID=4;Pants;CargoPants_Black;*;40;4;
Clothing Trader // ID=4;Pants;CargoPants_Green;*;40;4;
Clothing Trader // ID=4;Pants;ShortJeans_Red;*;40;4;
Clothing Trader // ID=4;Pants;ShortJeans_Blue;*;40;4;
Clothing Trader // ID=4;Pants;ShortJeans_Darkblue;*;40;4;
Clothing Trader // ID=4;Pants;ShortJeans_Brown;*;40;4;
Clothing Trader // ID=4;Pants;ShortJeans_Black;*;40;4;
Clothing Trader // ID=4;Pants;ShortJeans_Green;*;40;4;
Clothing Trader // ID=4;Pants;Jeans_Blue;*;40;4;
Clothing Trader // ID=4;Pants;Jeans_BlueDark;*;40;4;
Clothing Trader // ID=4;Pants;Jeans_Grey;*;40;4;
Clothing Trader // ID=4;Pants;Jeans_Brown;*;40;4;
Clothing Trader // ID=4;Pants;Jeans_Black;*;40;4;
Clothing Trader // ID=4;Pants;Jeans_Green;*;40;4;
Clothing Trader // ID=4;Pants;TTSKOPants;*;80;8;
Clothing Trader // ID=4;Pants;BDUPants;*;80;8;
Clothing Trader // ID=4;Pants;USMCPants_Desert;*;80;8;
Clothing Trader // ID=4;Pants;USMCPants_Woodland;*;80;8;
Clothing Trader // ID=4;Pants;PolicePantsOrel;*;50;5;
Clothing Trader // ID=4;Pants;HunterPants_Winter;*;80;8;
Clothing Trader // ID=4;Pants;HunterPants_Brown;*;80;8;
Clothing Trader // ID=4;Pants;HunterPants_Spring;*;80;8;
Clothing Trader // ID=4;Pants;HunterPants_Autumn;*;80;8;
Clothing Trader // ID=4;Pants;HunterPants_Summer;*;80;8;
Clothing Trader // ID=4;Pants;GorkaPants_Flat;*;80;8;
Clothing Trader // ID=4;Pants;GorkaPants_PautRev;*;100;10;
Clothing Trader // ID=4;Pants;GorkaPants_Autumn;*;100;10;
Clothing Trader // ID=4;Pants;GorkaPants_Summer;*;100;10;
Clothing Trader // ID=4;Shoes & Boots;AthleticShoes_Blue;*;40;4;
Clothing Trader // ID=4;Shoes & Boots;AthleticShoes_Grey;*;40;4;
Clothing Trader // ID=4;Shoes & Boots;AthleticShoes_Brown;*;40;4;
Clothing Trader // ID=4;Shoes & Boots;AthleticShoes_Black;*;40;4;
Clothing Trader // ID=4;Shoes & Boots;AthleticShoes_Green;*;40;4;
Clothing Trader // ID=4;Shoes & Boots;JoggingShoes_Violet;*;40;4;
Clothing Trader // ID=4;Shoes & Boots;JoggingShoes_Red;*;40;4;
Clothing Trader // ID=4;Shoes & Boots;JoggingShoes_Blue;*;40;4;
Clothing Trader // ID=4;Shoes & Boots;JoggingShoes_White;*;40;4;
Clothing Trader // ID=4;Shoes & Boots;JoggingShoes_Black;*;40;4;
Clothing Trader // ID=4;Shoes & Boots;Sneakers_Red;*;40;4;
Clothing Trader // ID=4;Shoes & Boots;Sneakers_White;*;40;4;
Clothing Trader // ID=4;Shoes & Boots;Sneakers_Gray;*;40;4;
Clothing Trader // ID=4;Shoes & Boots;Sneakers_Black;*;40;4;
Clothing Trader // ID=4;Shoes & Boots;Sneakers_Green;*;40;4;
Clothing Trader // ID=4;Shoes & Boots;DressShoes_White;*;40;4;
Clothing Trader // ID=4;Shoes & Boots;DressShoes_Brown;*;40;4;
Clothing Trader // ID=4;Shoes & Boots;DressShoes_Black;*;40;4;
Clothing Trader // ID=4;Shoes & Boots;DressShoes_Beige;*;40;4;
Clothing Trader // ID=4;Shoes & Boots;DressShoes_Sunburst;*;40;4;
Clothing Trader // ID=4;Shoes & Boots;HikingBootsLow_Blue;*;40;4;
Clothing Trader // ID=4;Shoes & Boots;HikingBootsLow_Grey;*;40;4;
Clothing Trader // ID=4;Shoes & Boots;HikingBootsLow_Beige;*;40;4;
Clothing Trader // ID=4;Shoes & Boots;HikingBootsLow_Black;*;40;4;
Clothing Trader // ID=4;Shoes & Boots;WorkingBoots_Yellow;*;40;4;
Clothing Trader // ID=4;Shoes & Boots;WorkingBoots_Grey;*;40;4;
Clothing Trader // ID=4;Shoes & Boots;WorkingBoots_Beige;*;40;4;
Clothing Trader // ID=4;Shoes & Boots;WorkingBoots_Brown;*;40;4;
Clothing Trader // ID=4;Shoes & Boots;WorkingBoots_Green;*;40;4;
Clothing Trader // ID=4;Shoes & Boots;HikingBoots_Brown;*;40;4;
Clothing Trader // ID=4;Shoes & Boots;HikingBoots_Black;*;40;4;
Clothing Trader // ID=4;Shoes & Boots;CombatBoots_Grey;*;70;7;
Clothing Trader // ID=4;Shoes & Boots;CombatBoots_Beige;*;70;7;
Clothing Trader // ID=4;Shoes & Boots;CombatBoots_Brown;*;70;7;
Clothing Trader // ID=4;Shoes & Boots;CombatBoots_Black;*;70;7;
Clothing Trader // ID=4;Shoes & Boots;CombatBoots_Green;*;70;7;
Clothing Trader // ID=4;Shoes & Boots;JungleBoots_Beige;*;60;6;
Clothing Trader // ID=4;Shoes & Boots;JungleBoots_Brown;*;60;6;
Clothing Trader // ID=4;Shoes & Boots;JungleBoots_Black;*;60;6;
Clothing Trader // ID=4;Shoes & Boots;JungleBoots_Olive;*;60;6;
Clothing Trader // ID=4;Shoes & Boots;JungleBoots_Green;*;60;6;
Clothing Trader // ID=4;Shoes & Boots;Wellies_Grey;*;30;3;
Clothing Trader // ID=4;Shoes & Boots;Wellies_Brown;*;30;3;
Clothing Trader // ID=4;Shoes & Boots;Wellies_Black;*;30;3;
Clothing Trader // ID=4;Shoes & Boots;Wellies_Green;*;30;3;
Clothing Trader // ID=4;Shoes & Boots;TTSKOBoots;*;80;8;
Clothing Trader // ID=4;Shoes & Boots;MilitaryBoots_Redpunk;*;80;8;
Clothing Trader // ID=4;Shoes & Boots;MilitaryBoots_Bluerock;*;80;8;
Clothing Trader // ID=4;Shoes & Boots;MilitaryBoots_Beige;*;80;8;
Clothing Trader // ID=4;Shoes & Boots;MilitaryBoots_Brown;*;80;8;
Clothing Trader // ID=4;Shoes & Boots;MilitaryBoots_Black;*;80;8;
Clothing Trader // ID=4;Ghillie;GhillieAtt_Mossy;*;300;30;
Clothing Trader // ID=4;Ghillie;GhillieAtt_Tan;*;300;30;
Clothing Trader // ID=4;Ghillie;GhillieAtt_Woodland;*;300;30;
Clothing Trader // ID=4;Ghillie;GhillieHood_Mossy;*;300;30;
Clothing Trader // ID=4;Ghillie;GhillieHood_Tan;*;300;30;
Clothing Trader // ID=4;Ghillie;GhillieHood_Woodland;*;300;30;
Clothing Trader // ID=4;Ghillie;GhillieBushrag_Mossy;*;300;30;
Clothing Trader // ID=4;Ghillie;GhillieBushrag_Tan;*;300;30;
Clothing Trader // ID=4;Ghillie;GhillieBushrag_Woodland;*;300;30;
Clothing Trader // ID=4;Ghillie;GhillieTop_Mossy;*;300;30;
Clothing Trader // ID=4;Ghillie;GhillieTop_Tan;*;300;30;
Clothing Trader // ID=4;Ghillie;GhillieTop_Woodland;*;300;30;
Clothing Trader // ID=4;Ghillie;GhillieSuit_Mossy;*;300;30;
Clothing Trader // ID=4;Ghillie;GhillieSuit_Tan;*;300;30;
Clothing Trader // ID=4;Ghillie;GhillieSuit_Woodland;*;300;30;
Clothing Trader // ID=4;Seasonal;SantasBeard;*;100000;-1;
Clothing Trader // ID=4;Seasonal;SantasHat;*;100000;-1;
Clothing Trader // ID=4;Seasonal;PumpkinHelmet;*;100000;-1;
Clothing Trader // ID=4;Holster & Pouches;ChestHolster;*;30;3;
Clothing Trader // ID=4;Holster & Pouches;PlateCarrierHolster;*;50;5;
Clothing Trader // ID=4;Holster & Pouches;PlateCarrierPouches;*;50;5;
Clothing Trader // ID=4;Belt;CivilianBelt;*;50;5;
Clothing Trader // ID=4;Belt;MilitaryBelt;*;50;5;
Clothing Trader // ID=4;Bags;ChildBag_Red;*;70;7;
Clothing Trader // ID=4;Bags;ChildBag_Blue;*;70;7;
Clothing Trader // ID=4;Bags;ChildBag_Green;*;70;7;
Clothing Trader // ID=4;Bags;DryBag_Yellow;*;100;10;
Clothing Trader // ID=4;Bags;DryBag_Orange;*;100;10;
Clothing Trader // ID=4;Bags;DryBag_Red;*;100;10;
Clothing Trader // ID=4;Bags;DryBag_Blue;*;100;10;
Clothing Trader // ID=4;Bags;DryBag_Black;*;100;10;
Clothing Trader // ID=4;Bags;DryBag_Green;*;100;10;
Clothing Trader // ID=4;Bags;TaloonBag_Orange;*;100;10;
Clothing Trader // ID=4;Bags;TaloonBag_Violet;*;100;10;
Clothing Trader // ID=4;Bags;TaloonBag_Blue;*;100;10;
Clothing Trader // ID=4;Bags;TaloonBag_Green;*;100;10;
Clothing Trader // ID=4;Bags;SmershBag;*;150;15;
Clothing Trader // ID=4;Bags;WaterproofBag_Yellow;*;70;7;
Clothing Trader // ID=4;Bags;WaterproofBag_Orange;*;70;7;
Clothing Trader // ID=4;Bags;WaterproofBag_Green;*;70;7;
Clothing Trader // ID=4;Bags;AssaultBag_Black;*;200;20;
Clothing Trader // ID=4;Bags;AssaultBag_Green;*;200;20;
Clothing Trader // ID=4;Bags;AssaultBag_Ttsko;*;200;20;
Clothing Trader // ID=4;Bags;HuntingBag;*;150;15;
Clothing Trader // ID=4;Bags;TortillaBag;*;100;10;
Clothing Trader // ID=4;Bags;CoyoteBag_Brown;*;100;10;
Clothing Trader // ID=4;Bags;CoyoteBag_Green;*;100;10;
Clothing Trader // ID=4;Bags;MountainBag_Orange;*;220;22;
Clothing Trader // ID=4;Bags;MountainBag_Red;*;220;22;
Clothing Trader // ID=4;Bags;MountainBag_Blue;*;220;22;
Clothing Trader // ID=4;Bags;MountainBag_Green;*;220;22;
Clothing Trader // ID=4;Bags;AliceBag_Black;*;250;25;
Clothing Trader // ID=4;Bags;AliceBag_Green;*;250;25;
Clothing Trader // ID=4;Bags;AliceBag_Camo;*;250;25;
Clothing Trader // ID=4; Mascaras;WitchHood_Black;*;100;10;
Clothing Trader // ID=4; Mascaras;WitchHood_Brown;*;100;10;
Clothing Trader // ID=4; Mascaras;WitchHood_Red;*;100;10;
Clothing Trader // ID=4;Handmade;LeatherGloves_Beige;*;50;5;
Clothing Trader // ID=4;Handmade;LeatherGloves_Black;*;50;5;
Clothing Trader // ID=4;Handmade;LeatherGloves_Brown;*;50;5;
Clothing Trader // ID=4;Handmade;LeatherGloves_Natural;*;50;5;
Clothing Trader // ID=4;Handmade;LeatherHat_Beige;*;35;4;
Clothing Trader // ID=4;Handmade;LeatherHat_Black;*;35;4;
Clothing Trader // ID=4;Handmade;LeatherHat_Brown;*;35;4;
Clothing Trader // ID=4;Handmade;LeatherHat_Natural;*;35;4;
Clothing Trader // ID=4;Handmade;LeatherShirt_Natural;*;35;4;
Clothing Trader // ID=4;Handmade;LeatherStorageVest_Beige;*;35;4;
Clothing Trader // ID=4;Handmade;LeatherStorageVest_Black;*;35;4;
Clothing Trader // ID=4;Handmade;LeatherStorageVest_Brown;*;35;4;
Clothing Trader // ID=4;Handmade;LeatherStorageVest_Natural;*;35;4;
Clothing Trader // ID=4;Handmade;LeatherJacket_Beige;*;35;4;
Clothing Trader // ID=4;Handmade;LeatherJacket_Black;*;35;4;
Clothing Trader // ID=4;Handmade;LeatherJacket_Brown;*;35;4;
Clothing Trader // ID=4;Handmade;LeatherJacket_Natural;*;35;4;
Clothing Trader // ID=4;Handmade;LeatherPants_Beige;*;35;4;
Clothing Trader // ID=4;Handmade;LeatherPants_Black;*;35;4;
Clothing Trader // ID=4;Handmade;LeatherPants_Brown;*;35;4;
Clothing Trader // ID=4;Handmade;LeatherPants_Natural;*;35;4;
Clothing Trader // ID=4;Handmade;LeatherShoes_Beige;*;35;4;
Clothing Trader // ID=4;Handmade;LeatherShoes_Black;*;35;4;
Clothing Trader // ID=4;Handmade;LeatherShoes_Brown;*;35;4;
Clothing Trader // ID=4;Handmade;LeatherShoes_Natural;*;35;4;
Clothing Trader // ID=4;Handmade;CourierBag;*;40;4;
Clothing Trader // ID=4;Handmade;FurCourierBag;*;50;5;
Clothing Trader // ID=4;Handmade;FurImprovisedBag;*;50;5;
Clothing Trader // ID=4;Handmade;ImprovisedBag;*;50;5;
Clothing Trader // ID=4;Handmade;LeatherSack_Beige;*;50;5;
Clothing Trader // ID=4;Handmade;LeatherSack_Black;*;50;5;
Clothing Trader // ID=4;Handmade;LeatherSack_Brown;*;50;5;
Clothing Trader // ID=4;Handmade;LeatherSack_Natural;*;50;5;
Vehicles Trader // ID=5;Vehicles;UAZ469;V;90000;9000;
Vehicles Trader // ID=5;Vehicles;UAZ469_rust;V;90000;9000;
Vehicles Trader // ID=5;Vehicles;UAZ469_camo1;V;90000;9000;
Vehicles Trader // ID=5;Vehicles;UAZ469_black;V;90000;9000;
Vehicles Trader // ID=5;Vehicles;Hatchback_02;V;80000;8000;
Vehicles Trader // ID=5;Vehicles;Hatchback_02_Blue;V;80000;8000;
Vehicles Trader // ID=5;Vehicles;Hatchback_02_Black;V;80000;8000;
Vehicles Trader // ID=5;Vehicles;Sedan_02;V;60000;6000;
Vehicles Trader // ID=5;Vehicles;Sedan_02_Red;V;60000;6000;
Vehicles Trader // ID=5;Vehicles;Sedan_02_Grey;V;60000;6000;
Vehicles Trader // ID=5;Vehicles;CivilianSedan;V;100000;10000;
Vehicles Trader // ID=5;Vehicles;CivilianSedan_Wine;V;100000;10000;
Vehicles Trader // ID=5;Vehicles;CivilianSedan_Black;V;100000;10000;
Vehicles Trader // ID=5;Vehicles;Truck_01_Covered;V;130000;10000;
Vehicles Trader // ID=5;Vehicles;Truck_01_Covered_Blue;V;130000;10000;
Vehicles Trader // ID=5;Vehicles;Truck_01_Covered_Orange;V;130000;10000;
Vehicles Trader // ID=5;Vehicle Parts;HeadlightH7_Box;*;500;100;
Vehicles Trader // ID=5;Vehicle Parts;SparkPlug;*;500;100;
Vehicles Trader // ID=5;Vehicle Parts;EngineOil;*;500;100;
Vehicles Trader // ID=5;Vehicle Parts;CarBattery;*;500;100;
Vehicles Trader // ID=5;Vehicle Parts;TruckBattery;*;500;100;
Vehicles Trader // ID=5;Vehicle Parts;CarRadiator;*;500;100;
Vehicles Trader // ID=5;Vehicle Parts;TireRepairKit;*;500;100;
Vehicles Trader // ID=5;Vehicle Parts;HatchbackHood;*;500;100;
Vehicles Trader // ID=5;Vehicle Parts;HatchbackHood_Blue;*;500;100;
Vehicles Trader // ID=5;Vehicle Parts;HatchbackHood_White;*;500;100;
Vehicles Trader // ID=5;Vehicle Parts;HatchbackHood_GreenRust;*;500;100;
Vehicles Trader // ID=5;Vehicle Parts;HatchbackHood_BlueRust;*;500;100;
Vehicles Trader // ID=5;Vehicle Parts;HatchbackHood_WhiteRust;*;500;100;
Vehicles Trader // ID=5;Vehicle Parts;HatchbackTrunk;*;500;100;
Vehicles Trader // ID=5;Vehicle Parts;HatchbackTrunk_Blue;*;500;100;
Vehicles Trader // ID=5;Vehicle Parts;HatchbackTrunk_White;*;500;100;
Vehicles Trader // ID=5;Vehicle Parts;HatchbackTrunk_GreenRust;*;500;100;
Vehicles Trader // ID=5;Vehicle Parts;HatchbackTrunk_BlueRust;*;500;100;
Vehicles Trader // ID=5;Vehicle Parts;HatchbackTrunk_WhiteRust;*;500;100;
Vehicles Trader // ID=5;Vehicle Parts;HatchbackDoors_Driver;*;500;100;
Vehicles Trader // ID=5;Vehicle Parts;HatchbackDoors_Driver_Blue;*;500;100;
Vehicles Trader // ID=5;Vehicle Parts;HatchbackDoors_Driver_White;*;500;100;
Vehicles Trader // ID=5;Vehicle Parts;HatchbackDoors_Driver_GreenRust;*;500;100;
Vehicles Trader // ID=5;Vehicle Parts;HatchbackDoors_Driver_BlueRust;*;500;100;
Vehicles Trader // ID=5;Vehicle Parts;HatchbackDoors_Driver_WhiteRust;*;500;100;
Vehicles Trader // ID=5;Vehicle Parts;HatchbackDoors_CoDriver;*;500;100;
Vehicles Trader // ID=5;Vehicle Parts;HatchbackDoors_CoDriver_Blue;*;500;100;
Vehicles Trader // ID=5;Vehicle Parts;HatchbackDoors_CoDriver_White;*;500;100;
Vehicles Trader // ID=5;Vehicle Parts;HatchbackDoors_CoDriver_GreenRust;*;500;100;
Vehicles Trader // ID=5;Vehicle Parts;HatchbackDoors_CoDriver_BlueRust;*;500;100;
Vehicles Trader // ID=5;Vehicle Parts;HatchbackDoors_CoDriver_WhiteRust;*;500;100;
Vehicles Trader // ID=5;Vehicle Parts;HatchbackWheel;*;500;100;
Vehicles Trader // ID=5;Vehicle Parts;Hatchback_02_Hood;*;500;100;
Vehicles Trader // ID=5;Vehicle Parts;Hatchback_02_Hood_Black;*;500;100;
Vehicles Trader // ID=5;Vehicle Parts;Hatchback_02_Hood_Blue;*;500;100;
Vehicles Trader // ID=5;Vehicle Parts;Hatchback_02_Hood_RedRust;*;500;100;
Vehicles Trader // ID=5;Vehicle Parts;Hatchback_02_Hood_BlackRust;*;500;100;
Vehicles Trader // ID=5;Vehicle Parts;Hatchback_02_Hood_BlueRust;*;500;100;
Vehicles Trader // ID=5;Vehicle Parts;Hatchback_02_Trunk;*;500;100;
Vehicles Trader // ID=5;Vehicle Parts;Hatchback_02_Trunk_Black;*;500;100;
Vehicles Trader // ID=5;Vehicle Parts;Hatchback_02_Trunk_Blue;*;500;100;
Vehicles Trader // ID=5;Vehicle Parts;Hatchback_02_Trunk_RedRust;*;500;100;
Vehicles Trader // ID=5;Vehicle Parts;Hatchback_02_Trunk_BlackRust;*;500;100;
Vehicles Trader // ID=5;Vehicle Parts;Hatchback_02_Trunk_BlueRust;*;500;100;
Vehicles Trader // ID=5;Vehicle Parts;Hatchback_02_Door_1_1;*;500;100;
Vehicles Trader // ID=5;Vehicle Parts;Hatchback_02_Door_1_1_Black;*;500;100;
Vehicles Trader // ID=5;Vehicle Parts;Hatchback_02_Door_1_1_Blue;*;500;100;
Vehicles Trader // ID=5;Vehicle Parts;Hatchback_02_Door_1_1_RedRust;*;500;100;
Vehicles Trader // ID=5;Vehicle Parts;Hatchback_02_Door_1_1_BlackRust;*;500;100;
Vehicles Trader // ID=5;Vehicle Parts;Hatchback_02_Door_1_1_BlueRust;*;500;100;
Vehicles Trader // ID=5;Vehicle Parts;Hatchback_02_Door_1_2;*;500;100;
Vehicles Trader // ID=5;Vehicle Parts;Hatchback_02_Door_1_2_Black;*;500;100;
Vehicles Trader // ID=5;Vehicle Parts;Hatchback_02_Door_1_2_Blue;*;500;100;
Vehicles Trader // ID=5;Vehicle Parts;Hatchback_02_Door_1_2_RedRust;*;500;100;
Vehicles Trader // ID=5;Vehicle Parts;Hatchback_02_Door_1_2_BlackRust;*;500;100;
Vehicles Trader // ID=5;Vehicle Parts;Hatchback_02_Door_1_2_BlueRust;*;500;100;
Vehicles Trader // ID=5;Vehicle Parts;Hatchback_02_Door_2_1;*;500;100;
Vehicles Trader // ID=5;Vehicle Parts;Hatchback_02_Door_2_1_Black;*;500;100;
Vehicles Trader // ID=5;Vehicle Parts;Hatchback_02_Door_2_1_Blue;*;500;100;
Vehicles Trader // ID=5;Vehicle Parts;Hatchback_02_Door_2_1_RedRust;*;500;100;
Vehicles Trader // ID=5;Vehicle Parts;Hatchback_02_Door_2_1_BlackRust;*;500;100;
Vehicles Trader // ID=5;Vehicle Parts;Hatchback_02_Door_2_1_BlueRust;*;500;100;
Vehicles Trader // ID=5;Vehicle Parts;Hatchback_02_Door_2_2;*;500;100;
Vehicles Trader // ID=5;Vehicle Parts;Hatchback_02_Door_2_2_Black;*;500;100;
Vehicles Trader // ID=5;Vehicle Parts;Hatchback_02_Door_2_2_Blue;*;500;100;
Vehicles Trader // ID=5;Vehicle Parts;Hatchback_02_Door_2_2_RedRust;*;500;100;
Vehicles Trader // ID=5;Vehicle Parts;Hatchback_02_Door_2_2_BlackRust;*;500;100;
Vehicles Trader // ID=5;Vehicle Parts;Hatchback_02_Door_2_2_BlueRust;*;500;100;
Vehicles Trader // ID=5;Vehicle Parts;Hatchback_02_Wheel;*;500;100;
Vehicles Trader // ID=5;Vehicle Parts;Sedan_02_Hood;*;500;100;
Vehicles Trader // ID=5;Vehicle Parts;Sedan_02_Hood_Red;*;500;100;
Vehicles Trader // ID=5;Vehicle Parts;Sedan_02_Hood_Grey;*;500;100;
Vehicles Trader // ID=5;Vehicle Parts;Sedan_02_Hood_YellowRust;*;500;100;
Vehicles Trader // ID=5;Vehicle Parts;Sedan_02_Hood_RedRust;*;500;100;
Vehicles Trader // ID=5;Vehicle Parts;Sedan_02_Hood_GreyRust;*;500;100;
Vehicles Trader // ID=5;Vehicle Parts;Sedan_02_Trunk;*;500;100;
Vehicles Trader // ID=5;Vehicle Parts;Sedan_02_Trunk_Red;*;500;100;
Vehicles Trader // ID=5;Vehicle Parts;Sedan_02_Trunk_Grey;*;500;100;
Vehicles Trader // ID=5;Vehicle Parts;Sedan_02_Trunk_YellowRust;*;500;100;
Vehicles Trader // ID=5;Vehicle Parts;Sedan_02_Trunk_RedRust;*;500;100;
Vehicles Trader // ID=5;Vehicle Parts;Sedan_02_Trunk_GreyRust;*;500;100;
Vehicles Trader // ID=5;Vehicle Parts;Sedan_02_Door_1_1;*;500;100;
Vehicles Trader // ID=5;Vehicle Parts;Sedan_02_Door_1_1_Red;*;500;100;
Vehicles Trader // ID=5;Vehicle Parts;Sedan_02_Door_1_1_Grey;*;500;100;
Vehicles Trader // ID=5;Vehicle Parts;Sedan_02_Door_1_1_YellowRust;*;500;100;
Vehicles Trader // ID=5;Vehicle Parts;Sedan_02_Door_1_1_RedRust;*;500;100;
Vehicles Trader // ID=5;Vehicle Parts;Sedan_02_Door_1_1_GreyRust;*;500;100;
Vehicles Trader // ID=5;Vehicle Parts;Sedan_02_Door_1_2;*;500;100;
Vehicles Trader // ID=5;Vehicle Parts;Sedan_02_Door_1_2_Red;*;500;100;
Vehicles Trader // ID=5;Vehicle Parts;Sedan_02_Door_1_2_Grey;*;500;100;
Vehicles Trader // ID=5;Vehicle Parts;Sedan_02_Door_1_2_YellowRust;*;500;100;
Vehicles Trader // ID=5;Vehicle Parts;Sedan_02_Door_1_2_RedRust;*;500;100;
Vehicles Trader // ID=5;Vehicle Parts;Sedan_02_Door_1_2_GreyRust;*;500;100;
Vehicles Trader // ID=5;Vehicle Parts;Sedan_02_Door_2_1;*;500;100;
Vehicles Trader // ID=5;Vehicle Parts;Sedan_02_Door_2_1_Red;*;500;100;
Vehicles Trader // ID=5;Vehicle Parts;Sedan_02_Door_2_1_Grey;*;500;100;
Vehicles Trader // ID=5;Vehicle Parts;Sedan_02_Door_2_1_YellowRust;*;500;100;
Vehicles Trader // ID=5;Vehicle Parts;Sedan_02_Door_2_1_RedRust;*;500;100;
Vehicles Trader // ID=5;Vehicle Parts;Sedan_02_Door_2_1_GreyRust;*;500;100;
Vehicles Trader // ID=5;Vehicle Parts;Sedan_02_Door_2_2;*;500;100;
Vehicles Trader // ID=5;Vehicle Parts;Sedan_02_Door_2_2_Red;*;500;100;
Vehicles Trader // ID=5;Vehicle Parts;Sedan_02_Door_2_2_Grey;*;500;100;
Vehicles Trader // ID=5;Vehicle Parts;Sedan_02_Door_2_2_YellowRust;*;500;100;
Vehicles Trader // ID=5;Vehicle Parts;Sedan_02_Door_2_2_RedRust;*;500;100;
Vehicles Trader // ID=5;Vehicle Parts;Sedan_02_Door_2_2_GreyRust;*;500;100;
Vehicles Trader // ID=5;Vehicle Parts;Sedan_02_Wheel;*;500;100;
Vehicles Trader // ID=5;Vehicle Parts;CivSedanHood;*;500;100;
Vehicles Trader // ID=5;Vehicle Parts;CivSedanHood_Wine;*;500;100;
Vehicles Trader // ID=5;Vehicle Parts;CivSedanHood_Black;*;500;100;
Vehicles Trader // ID=5;Vehicle Parts;CivSedanHood_WhiteRust;*;500;100;
Vehicles Trader // ID=5;Vehicle Parts;CivSedanHood_WineRust;*;500;100;
Vehicles Trader // ID=5;Vehicle Parts;CivSedanHood_BlackRust;*;500;100;
Vehicles Trader // ID=5;Vehicle Parts;CivSedanTrunk;*;500;100;
Vehicles Trader // ID=5;Vehicle Parts;CivSedanTrunk_Wine;*;500;100;
Vehicles Trader // ID=5;Vehicle Parts;CivSedanTrunk_Black;*;500;100;
Vehicles Trader // ID=5;Vehicle Parts;CivSedanTrunk_WhiteRust;*;500;100;
Vehicles Trader // ID=5;Vehicle Parts;CivSedanTrunk_WineRust;*;500;100;
Vehicles Trader // ID=5;Vehicle Parts;CivSedanTrunk_BlackRust;*;500;100;
Vehicles Trader // ID=5;Vehicle Parts;CivSedanDoors_Driver;*;500;100;
Vehicles Trader // ID=5;Vehicle Parts;CivSedanDoors_Driver_Wine;*;500;100;
Vehicles Trader // ID=5;Vehicle Parts;CivSedanDoors_Driver_Black;*;500;100;
Vehicles Trader // ID=5;Vehicle Parts;CivSedanDoors_Driver_WhiteRust;*;500;100;
Vehicles Trader // ID=5;Vehicle Parts;CivSedanDoors_Driver_WineRust;*;500;100;
Vehicles Trader // ID=5;Vehicle Parts;CivSedanDoors_Driver_BlackRust;*;500;100;
Vehicles Trader // ID=5;Vehicle Parts;CivSedanDoors_CoDriver;*;500;100;
Vehicles Trader // ID=5;Vehicle Parts;CivSedanDoors_CoDriver_Wine;*;500;100;
Vehicles Trader // ID=5;Vehicle Parts;CivSedanDoors_CoDriver_Black;*;500;100;
Vehicles Trader // ID=5;Vehicle Parts;CivSedanDoors_CoDriver_WhiteRust;*;500;100;
Vehicles Trader // ID=5;Vehicle Parts;CivSedanDoors_CoDriver_WineRust;*;500;100;
Vehicles Trader // ID=5;Vehicle Parts;CivSedanDoors_CoDriver_BlackRust;*;500;100;
Vehicles Trader // ID=5;Vehicle Parts;CivSedanDoors_BackLeft;*;500;100;
Vehicles Trader // ID=5;Vehicle Parts;CivSedanDoors_BackLeft_Wine;*;500;100;
Vehicles Trader // ID=5;Vehicle Parts;CivSedanDoors_BackLeft_Black;*;500;100;
Vehicles Trader // ID=5;Vehicle Parts;CivSedanDoors_BackLeft_WhiteRust;*;500;100;
Vehicles Trader // ID=5;Vehicle Parts;CivSedanDoors_BackLeft_WineRust;*;500;100;
Vehicles Trader // ID=5;Vehicle Parts;CivSedanDoors_BackLeft_BlackRust;*;500;100;
Vehicles Trader // ID=5;Vehicle Parts;CivSedanDoors_BackRight;*;500;100;
Vehicles Trader // ID=5;Vehicle Parts;CivSedanDoors_BackRight_Wine;*;500;100;
Vehicles Trader // ID=5;Vehicle Parts;CivSedanDoors_BackRight_Black;*;500;100;
Vehicles Trader // ID=5;Vehicle Parts;CivSedanDoors_BackRight_WhiteRust;*;500;100;
Vehicles Trader // ID=5;Vehicle Parts;CivSedanDoors_BackRight_WineRust;*;500;100;
Vehicles Trader // ID=5;Vehicle Parts;CivSedanDoors_BackRight_BlackRust;*;500;100;
Vehicles Trader // ID=5;Vehicle Parts;CivSedanWheel;*;500;100;
Vehicles Trader // ID=5;Vehicle Parts;Truck_01_Hood;*;500;100;
Vehicles Trader // ID=5;Vehicle Parts;Truck_01_Hood_Blue;*;500;100;
Vehicles Trader // ID=5;Vehicle Parts;Truck_01_Hood_Orange;*;500;100;
Vehicles Trader // ID=5;Vehicle Parts;Truck_01_Door_1_1;*;500;100;
Vehicles Trader // ID=5;Vehicle Parts;Truck_01_Door_1_1_Blue;*;500;100;
Vehicles Trader // ID=5;Vehicle Parts;Truck_01_Door_1_1_Orange;*;500;100;
Vehicles Trader // ID=5;Vehicle Parts;Truck_01_Door_2_1;*;500;100;
Vehicles Trader // ID=5;Vehicle Parts;Truck_01_Door_2_1_Blue;*;500;100;
Vehicles Trader // ID=5;Vehicle Parts;Truck_01_Door_2_1_Orange;*;500;100;
Vehicles Trader // ID=5;Vehicle Parts;Truck_01_Wheel;*;500;100;
Vehicles Trader // ID=5;Vehicle Parts;Truck_01_WheelDouble;*;500;100;
Vehicles Trader // ID=5;Mercedes Parts;HeadlightH7;*;1500;250;
Vehicles Trader // ID=5;Mercedes Parts;MercedesG65_6x6_doors_driver_Police;*;1500;250;
Vehicles Trader // ID=5;Mercedes Parts;MercedesG65_6x6_doors_codriver_Police;*;1500;250;
Vehicles Trader // ID=5;Mercedes Parts;MercedesG65_6x6_doors_cargo1_Police;*;1500;250;
Vehicles Trader // ID=5;Mercedes Parts;MercedesG65_6x6_doors_cargo2_Police;*;1500;250;
Vehicles Trader // ID=5;Mercedes Parts;MercedesG65_6x6_doors_hood_Police;*;1500;250;
Vehicles Trader // ID=5;Mercedes Parts;MercedesG65_6x6_doors_trunk_Police;*;1500;250;
Vehicles Trader // ID=5;Mercedes Parts;Police_light;*;1500;250;
Vehicles Trader // ID=5;Mercedes Parts;MercedesG65_6x6_Wheel;*;1500;250;
Vehicles Trader // ID=5; Raptor Don Bondino;FordRaptor_Scorpio;V;1500000;150000;
Vehicles Trader // ID=5; Raptor Don Bondino;FordRaptor_Scorpio_UA;V;1500000;150000;
Vehicles Trader // ID=5; Raptor Don Bondino;FordRaptor_Scorpio_UA_rust;V;1500000;150000;
Vehicles Trader // ID=5; Raptor Don Bondino;FordRaptor_Scorpio_UA2_rust;V;1500000;150000;
Vehicles Trader // ID=5; Raptor Don Bondino;FordRaptor_Scorpio_UA2;V;1500000;150000;
Vehicles Trader // ID=5; Raptor Don Bondino;FordRaptor_Scorpio_Green;V;1500000;150000;
Vehicles Trader // ID=5; Raptor Don Bondino;FordRaptor_Scorpio_Black;V;1500000;150000;
Vehicles Trader // ID=5; Raptor Don Bondino;FordRaptor_Scorpio_White;V;1500000;150000;
Vehicles Trader // ID=5; Garagem;GarageMod_ParkingMachineKit;*;1;-1;
Vehicles Trader // ID=5; Raptor Attachment;FordRaptor_Scorpio_Wheel;*;3000;200;
Vehicles Trader // ID=5; Raptor Attachment;FordRaptor_Scorpio_Wheel_Black;*;3000;500;
Vehicles Trader // ID=5; Raptor Attachment;FordRaptor_Scorpio_Wheel_White;*;3000;500;
Vehicles Trader // ID=5; Raptor Attachment;FordRaptor_Scorpio_Wheel_Gold;*;3000;500;
Vehicles Trader // ID=5; Raptor Attachment;FordRaptor_Scorpio_Wheel_Blue;*;3000;500;
